item_name,internal_name,official_image_url,Strength,Agility,Intelligence,Price,Type,Item_Role
Blink Dagger,blink,https://cdn.cloudflare.steamstatic.com/apps/dota2/images/dota_react/items/blink.png?t=1593393829403,0,0,0,2250,component,mobility
Overwhelming Blink,overwhelming_blink,https://cdn.cloudflare.steamstatic.com/apps/dota2/images/dota_react/items/overwhelming_blink.png?t=1593393829403,25,0,0,6800,component,mobility
Swift Blink,swift_blink,https://cdn.cloudflare.steamstatic.com/apps/dota2/images/dota_react/items/swift_blink.png?t=1593393829403,0,25,0,6800,component,mobility
Arcane Blink,arcane_blink,https://cdn.cloudflare.steamstatic.com/apps/dota2/images/dota_react/items/arcane_blink.png?t=1593393829403,0,0,0,6800,component,mobility
Arcane Blink Recipe,recipe_arcane_blink,https://cdn.cloudflare.steamstatic.com/apps/dota2/images/dota_react/items/recipe.png?t=1593393829403,0,0,0,1750,normal,mobility
Swift Blink Recipe,recipe_swift_blink,https://cdn.cloudflare.steamstatic.com/apps/dota2/images/dota_react/items/recipe.png?t=1593393829403,0,0,0,1750,normal,mobility
Overwhelming Blink Recipe,recipe_overwhelming_blink,https://cdn.cloudflare.steamstatic.com/apps/dota2/images/dota_react/items/recipe.png?t=1593393829403,0,0,0,1750,normal,mobility
Blades of Attack,blades_of_attack,https://cdn.cloudflare.steamstatic.com/apps/dota2/images/dota_react/items/blades_of_attack.png?t=1593393829403,0,0,0,450,component,damage
Broadsword,broadsword,https://cdn.cloudflare.steamstatic.com/apps/dota2/images/dota_react/items/broadsword.png?t=1593393829403,0,0,0,1000,component,utility
Chainmail,chainmail,https://cdn.cloudflare.steamstatic.com/apps/dota2/images/dota_react/items/chainmail.png?t=1593393829403,0,0,0,550,component,utility
Claymore,claymore,https://cdn.cloudflare.steamstatic.com/apps/dota2/images/dota_react/items/claymore.png?t=1593393829403,0,0,0,1350,component,utility
Helm of Iron Will,helm_of_iron_will,https://cdn.cloudflare.steamstatic.com/apps/dota2/images/dota_react/items/helm_of_iron_will.png?t=1593393829403,0,0,0,975,component,utility
Javelin,javelin,https://cdn.cloudflare.steamstatic.com/apps/dota2/images/dota_react/items/javelin.png?t=1593393829403,0,0,0,900,component,damage
Mithril Hammer,mithril_hammer,https://cdn.cloudflare.steamstatic.com/apps/dota2/images/dota_react/items/mithril_hammer.png?t=1593393829403,0,0,0,1600,component,utility
Platemail,platemail,https://cdn.cloudflare.steamstatic.com/apps/dota2/images/dota_react/items/platemail.png?t=1593393829403,0,0,0,1400,secret_shop,utility
Quarterstaff,quarterstaff,https://cdn.cloudflare.steamstatic.com/apps/dota2/images/dota_react/items/quarterstaff.png?t=1593393829403,0,0,0,875,component,utility
Quelling Blade,quelling_blade,https://cdn.cloudflare.steamstatic.com/apps/dota2/images/dota_react/items/quelling_blade.png?t=1593393829403,0,0,0,100,component,utility
Faerie Fire,faerie_fire,https://cdn.cloudflare.steamstatic.com/apps/dota2/images/dota_react/items/faerie_fire.png?t=1593393829403,0,0,0,65,consumable,utility
Infused Raindrops,infused_raindrop,https://cdn.cloudflare.steamstatic.com/apps/dota2/images/dota_react/items/infused_raindrop.png?t=1593393829403,0,0,0,225,component,damage
Wind Lace,wind_lace,https://cdn.cloudflare.steamstatic.com/apps/dota2/images/dota_react/items/wind_lace.png?t=1593393829403,0,0,0,225,component,utility
Ring of Protection,ring_of_protection,https://cdn.cloudflare.steamstatic.com/apps/dota2/images/dota_react/items/ring_of_protection.png?t=1593393829403,0,0,0,175,component,utility
Stout Shield,stout_shield,https://cdn.cloudflare.steamstatic.com/apps/dota2/images/dota_react/items/stout_shield.png?t=1593393829403,0,0,0,100,component,damage
Moon Shard,moon_shard,https://cdn.cloudflare.steamstatic.com/apps/dota2/images/dota_react/items/moon_shard.png?t=1593393829403,0,0,0,4000,consumable,utility
Gauntlets of Strength,gauntlets,https://cdn.cloudflare.steamstatic.com/apps/dota2/images/dota_react/items/gauntlets.png?t=1593393829403,3,0,0,140,component,survivability
Slippers of Agility,slippers,https://cdn.cloudflare.steamstatic.com/apps/dota2/images/dota_react/items/slippers.png?t=1593393829403,0,3,0,140,component,agility_carry
Mantle of Intelligence,mantle,https://cdn.cloudflare.steamstatic.com/apps/dota2/images/dota_react/items/mantle.png?t=1593393829403,0,0,0,140,component,utility
Iron Branch,branches,https://cdn.cloudflare.steamstatic.com/apps/dota2/images/dota_react/items/branches.png?t=1593393829403,0,0,0,55,consumable,utility
Belt of Strength,belt_of_strength,https://cdn.cloudflare.steamstatic.com/apps/dota2/images/dota_react/items/belt_of_strength.png?t=1593393829403,6,0,0,450,component,survivability
Band of Elvenskin,boots_of_elves,https://cdn.cloudflare.steamstatic.com/apps/dota2/images/dota_react/items/boots_of_elves.png?t=1593393829403,0,6,0,450,component,mobility
Robe of the Magi,robe,https://cdn.cloudflare.steamstatic.com/apps/dota2/images/dota_react/items/robe.png?t=1593393829403,0,0,0,450,component,utility
Circlet,circlet,https://cdn.cloudflare.steamstatic.com/apps/dota2/images/dota_react/items/circlet.png?t=1593393829403,0,0,0,155,component,utility
Crown,crown,https://cdn.cloudflare.steamstatic.com/apps/dota2/images/dota_react/items/crown.png?t=1593393829403,0,0,0,450,component,utility
Diadem,diadem,https://cdn.cloudflare.steamstatic.com/apps/dota2/images/dota_react/items/diadem.png?t=1593393829403,0,0,0,1000,component,utility
Ogre Axe,ogre_axe,https://cdn.cloudflare.steamstatic.com/apps/dota2/images/dota_react/items/ogre_axe.png?t=1593393829403,10,0,0,1000,component,utility
Blade of Alacrity,blade_of_alacrity,https://cdn.cloudflare.steamstatic.com/apps/dota2/images/dota_react/items/blade_of_alacrity.png?t=1593393829403,0,10,0,1000,component,damage
Staff of Wizardry,staff_of_wizardry,https://cdn.cloudflare.steamstatic.com/apps/dota2/images/dota_react/items/staff_of_wizardry.png?t=1593393829403,0,0,0,1000,component,mana_int
Ultimate Orb,ultimate_orb,https://cdn.cloudflare.steamstatic.com/apps/dota2/images/dota_react/items/ultimate_orb.png?t=1593393829403,0,0,0,2800,secret_shop,utility
Gloves of Haste,gloves,https://cdn.cloudflare.steamstatic.com/apps/dota2/images/dota_react/items/gloves.png?t=1593393829403,0,0,0,450,component,mana_int
Blitz Knuckles,blitz_knuckles,https://cdn.cloudflare.steamstatic.com/apps/dota2/images/dota_react/items/blitz_knuckles.png?t=1593393829403,0,0,0,1000,component,utility
Morbid Mask,lifesteal,https://cdn.cloudflare.steamstatic.com/apps/dota2/images/dota_react/items/lifesteal.png?t=1593393829403,0,0,0,900,component,utility
Voodoo Mask,voodoo_mask,https://cdn.cloudflare.steamstatic.com/apps/dota2/images/dota_react/items/voodoo_mask.png?t=1593393829403,0,0,0,650,component,utility
Ring of Regen,ring_of_regen,https://cdn.cloudflare.steamstatic.com/apps/dota2/images/dota_react/items/ring_of_regen.png?t=1593393829403,0,0,0,175,component,utility
Sage's Mask,sobi_mask,https://cdn.cloudflare.steamstatic.com/apps/dota2/images/dota_react/items/sobi_mask.png?t=1593393829403,0,0,0,175,component,utility
Boots of Speed,boots,https://cdn.cloudflare.steamstatic.com/apps/dota2/images/dota_react/items/boots.png?t=1593393829403,0,0,0,500,component,agility_carry
Gem of True Sight,gem,https://cdn.cloudflare.steamstatic.com/apps/dota2/images/dota_react/items/gem.png?t=1593393829403,0,0,0,900,component,utility
Cloak,cloak,https://cdn.cloudflare.steamstatic.com/apps/dota2/images/dota_react/items/cloak.png?t=1593393829403,0,0,0,800,component,mana_int
Talisman of Evasion,talisman_of_evasion,https://cdn.cloudflare.steamstatic.com/apps/dota2/images/dota_react/items/talisman_of_evasion.png?t=1593393829403,0,0,0,1300,secret_shop,damage
Cheese,cheese,https://cdn.cloudflare.steamstatic.com/apps/dota2/images/dota_react/items/cheese.png?t=1593393829403,0,0,0,1000,consumable,utility
Magic Stick,magic_stick,https://cdn.cloudflare.steamstatic.com/apps/dota2/images/dota_react/items/magic_stick.png?t=1593393829403,0,0,0,200,component,mana_int
Magic Wand Recipe,recipe_magic_wand,https://cdn.cloudflare.steamstatic.com/apps/dota2/images/dota_react/items/recipe.png?t=1593393829403,0,0,0,150,normal,mana_int
Magic Wand,magic_wand,https://cdn.cloudflare.steamstatic.com/apps/dota2/images/dota_react/items/magic_wand.png?t=1593393829403,0,0,0,460,common,mana_int
Ghost Scepter,ghost,https://cdn.cloudflare.steamstatic.com/apps/dota2/images/dota_react/items/ghost.png?t=1593393829403,0,0,0,1500,component,damage
Clarity,clarity,https://cdn.cloudflare.steamstatic.com/apps/dota2/images/dota_react/items/clarity.png?t=1593393829403,0,0,0,60,consumable,utility
Enchanted Mango,enchanted_mango,https://cdn.cloudflare.steamstatic.com/apps/dota2/images/dota_react/items/enchanted_mango.png?t=1593393829403,0,0,0,65,consumable,utility
Healing Lotus,famango,https://cdn.cloudflare.steamstatic.com/apps/dota2/images/dota_react/items/famango.png?t=1593393829403,0,0,0,0,consumable,support
Great Healing Lotus,great_famango,https://cdn.cloudflare.steamstatic.com/apps/dota2/images/dota_react/items/great_famango.png?t=1593393829403,0,0,0,0,consumable,support
Greater Healing Lotus,greater_famango,https://cdn.cloudflare.steamstatic.com/apps/dota2/images/dota_react/items/greater_famango.png?t=1593393829403,0,0,0,0,consumable,support
Blood Grenade,blood_grenade,https://cdn.cloudflare.steamstatic.com/apps/dota2/images/dota_react/items/blood_grenade.png?t=1593393829403,0,0,0,50,consumable,utility
Block of Cheese,royale_with_cheese,https://cdn.cloudflare.steamstatic.com/apps/dota2/images/dota_react/items/royale_with_cheese.png?t=1593393829403,0,0,0,2,consumable,survivability
Healing Salve,flask,https://cdn.cloudflare.steamstatic.com/apps/dota2/images/dota_react/items/flask.png?t=1593393829403,0,0,0,100,consumable,mana_int
Dust of Appearance,dust,https://cdn.cloudflare.steamstatic.com/apps/dota2/images/dota_react/items/dust.png?t=1593393829403,0,0,0,80,consumable,stealth
Bottle,bottle,https://cdn.cloudflare.steamstatic.com/apps/dota2/images/dota_react/items/bottle.png?t=1593393829403,0,0,0,675,common,utility
Observer Ward,ward_observer,https://cdn.cloudflare.steamstatic.com/apps/dota2/images/dota_react/items/ward_observer.png?t=1593393829403,0,0,0,0,consumable,utility
Sentry Ward,ward_sentry,https://cdn.cloudflare.steamstatic.com/apps/dota2/images/dota_react/items/ward_sentry.png?t=1593393829403,0,0,0,50,consumable,utility
Observer and Sentry Wards,ward_dispenser,https://cdn.cloudflare.steamstatic.com/apps/dota2/images/dota_react/items/ward_dispenser.png?t=1593393829403,0,0,0,50,consumable;laning,utility
Tango,tango,https://cdn.cloudflare.steamstatic.com/apps/dota2/images/dota_react/items/tango.png?t=1593393829403,0,0,0,90,consumable,utility
Tango (Shared),tango_single,https://cdn.cloudflare.steamstatic.com/apps/dota2/images/dota_react/items/tango_single.png?t=1593393829403,0,0,0,30,consumable,utility
Animal Courier,courier,https://cdn.cloudflare.steamstatic.com/apps/dota2/images/dota_react/items/courier.png?t=1593393829403,0,0,0,50,consumable,utility
Flying Courier,flying_courier,https://cdn.cloudflare.steamstatic.com/apps/dota2/images/dota_react/items/flying_courier.png?t=1593393829403,0,0,0,100,consumable,utility
Town Portal Scroll,tpscroll,https://cdn.cloudflare.steamstatic.com/apps/dota2/images/dota_react/items/tpscroll.png?t=1593393829403,0,0,0,100,consumable,utility
Boots of Travel Recipe,recipe_travel_boots,https://cdn.cloudflare.steamstatic.com/apps/dota2/images/dota_react/items/recipe.png?t=1593393829403,0,0,0,2000,normal,utility
Boots of Travel,travel_boots,https://cdn.cloudflare.steamstatic.com/apps/dota2/images/dota_react/items/travel_boots.png?t=1593393829403,0,0,0,2500,common,utility
Boots of Travel 2,travel_boots_2,https://cdn.cloudflare.steamstatic.com/apps/dota2/images/dota_react/items/travel_boots_2.png?t=1593393829403,0,0,0,4500,common,utility
Phase Boots,phase_boots,https://cdn.cloudflare.steamstatic.com/apps/dota2/images/dota_react/items/phase_boots.png?t=1593393829403,0,0,0,1500,common,utility
Demon Edge,demon_edge,https://cdn.cloudflare.steamstatic.com/apps/dota2/images/dota_react/items/demon_edge.png?t=1593393829403,0,0,0,2200,secret_shop,utility
Eaglesong,eagle,https://cdn.cloudflare.steamstatic.com/apps/dota2/images/dota_react/items/eagle.png?t=1593393829403,0,25,0,2800,secret_shop,utility
Reaver,reaver,https://cdn.cloudflare.steamstatic.com/apps/dota2/images/dota_react/items/reaver.png?t=1593393829403,25,0,0,2800,secret_shop,utility
Sacred Relic,relic,https://cdn.cloudflare.steamstatic.com/apps/dota2/images/dota_react/items/relic.png?t=1593393829403,0,0,0,3400,secret_shop,utility
Hyperstone,hyperstone,https://cdn.cloudflare.steamstatic.com/apps/dota2/images/dota_react/items/hyperstone.png?t=1593393829403,0,0,0,2000,secret_shop,utility
Ring of Health,ring_of_health,https://cdn.cloudflare.steamstatic.com/apps/dota2/images/dota_react/items/ring_of_health.png?t=1593393829403,0,0,0,700,component,survivability
Ring of Tarrasque,ring_of_tarrasque,https://cdn.cloudflare.steamstatic.com/apps/dota2/images/dota_react/items/ring_of_tarrasque.png?t=1593393829403,0,0,0,1700,component,mana_int
Void Stone,void_stone,https://cdn.cloudflare.steamstatic.com/apps/dota2/images/dota_react/items/void_stone.png?t=1593393829403,0,0,0,700,component,mana_int
Tiara of Selemene,tiara_of_selemene,https://cdn.cloudflare.steamstatic.com/apps/dota2/images/dota_react/items/tiara_of_selemene.png?t=1593393829403,0,0,0,1700,component,utility
Mystic Staff,mystic_staff,https://cdn.cloudflare.steamstatic.com/apps/dota2/images/dota_react/items/mystic_staff.png?t=1593393829403,0,0,0,2800,secret_shop,utility
Energy Booster,energy_booster,https://cdn.cloudflare.steamstatic.com/apps/dota2/images/dota_react/items/energy_booster.png?t=1593393829403,0,0,0,800,secret_shop,utility
Point Booster,point_booster,https://cdn.cloudflare.steamstatic.com/apps/dota2/images/dota_react/items/point_booster.png?t=1593393829403,0,0,0,1200,secret_shop,utility
Vitality Booster,vitality_booster,https://cdn.cloudflare.steamstatic.com/apps/dota2/images/dota_react/items/vitality_booster.png?t=1593393829403,0,0,0,1000,secret_shop,utility
Fluffy Hat,fluffy_hat,https://cdn.cloudflare.steamstatic.com/apps/dota2/images/dota_react/items/fluffy_hat.png?t=1593393829403,0,0,0,250,secret_shop,utility
Power Treads,power_treads,https://cdn.cloudflare.steamstatic.com/apps/dota2/images/dota_react/items/power_treads.png?t=1593393829403,0,0,0,1400,common,survivability
Recipe Samurai Tabi,recipe_samurai_tabi,https://cdn.cloudflare.steamstatic.com/apps/dota2/images/dota_react/items/recipe.png?t=1593393829403,0,0,0,1100,normal,utility
Samurai Tabi,samurai_tabi,https://cdn.cloudflare.steamstatic.com/apps/dota2/images/dota_react/items/samurai_tabi.png?t=1593393829403,0,0,0,5250,common,utility
Recipe Hermes Sandals,recipe_hermes_sandals,https://cdn.cloudflare.steamstatic.com/apps/dota2/images/dota_react/items/recipe.png?t=1593393829403,0,0,0,500,normal,utility
Hermes Sandals,hermes_sandals,https://cdn.cloudflare.steamstatic.com/apps/dota2/images/dota_react/items/hermes_sandals.png?t=1593393829403,0,30,0,4800,common,utility
Recipe Witches Switch,recipe_witches_switch,https://cdn.cloudflare.steamstatic.com/apps/dota2/images/dota_react/items/recipe.png?t=1593393829403,0,0,0,625,normal,utility
Witches Switch,witches_switch,https://cdn.cloudflare.steamstatic.com/apps/dota2/images/dota_react/items/witches_switch.png?t=1593393829403,0,0,0,1900,common,utility
Recipe Lunar Crest,recipe_lunar_crest,https://cdn.cloudflare.steamstatic.com/apps/dota2/images/dota_react/items/recipe.png?t=1593393829403,0,0,0,250,normal,utility
Lunar Crest,lunar_crest,https://cdn.cloudflare.steamstatic.com/apps/dota2/images/dota_react/items/lunar_crest.png?t=1593393829403,0,0,0,2275,common,utility
Phylactery Recipe,recipe_phylactery,https://cdn.cloudflare.steamstatic.com/apps/dota2/images/dota_react/items/recipe.png?t=1593393829403,0,0,0,200,normal,utility
Phylactery,phylactery,https://cdn.cloudflare.steamstatic.com/apps/dota2/images/dota_react/items/phylactery.png?t=1593393829403,0,0,0,2600,common,mana_int
Khanda,angels_demise,https://cdn.cloudflare.steamstatic.com/apps/dota2/images/dota_react/items/angels_demise.png?t=1593393829403,0,0,0,5600,common,mana_int
Grandmasters Glaive,grandmasters_glaive,https://cdn.cloudflare.steamstatic.com/apps/dota2/images/dota_react/items/grandmasters_glaive.png?t=1593393829403,16,16,0,5000,common,utility
Hand of Midas Recipe,recipe_hand_of_midas,https://cdn.cloudflare.steamstatic.com/apps/dota2/images/dota_react/items/recipe.png?t=1593393829403,0,0,0,1750,normal,utility
Hand of Midas,hand_of_midas,https://cdn.cloudflare.steamstatic.com/apps/dota2/images/dota_react/items/hand_of_midas.png?t=1593393829403,0,0,0,2200,common,mana_int
Aetherial Halo,aetherial_halo,https://cdn.cloudflare.steamstatic.com/apps/dota2/images/dota_react/items/aetherial_halo.png?t=1593393829403,25,25,0,5900,common,utility
Oblivion Staff,oblivion_staff,https://cdn.cloudflare.steamstatic.com/apps/dota2/images/dota_react/items/oblivion_staff.png?t=1593393829403,0,0,0,1625,common,utility
Witch Blade Recipe,recipe_witch_blade,https://cdn.cloudflare.steamstatic.com/apps/dota2/images/dota_react/items/recipe.png?t=1593393829403,0,0,0,250,normal,utility
Witch Blade,witch_blade,https://cdn.cloudflare.steamstatic.com/apps/dota2/images/dota_react/items/witch_blade.png?t=1593393829403,0,0,0,2775,common,utility
Perseverance,pers,https://cdn.cloudflare.steamstatic.com/apps/dota2/images/dota_react/items/pers.png?t=1593393829403,0,0,0,1400,common,utility
Cornucopia,cornucopia,https://cdn.cloudflare.steamstatic.com/apps/dota2/images/dota_react/items/cornucopia.png?t=1593393829403,0,0,0,1200,common,utility
Poor Man's Shield,poor_mans_shield,https://cdn.cloudflare.steamstatic.com/apps/dota2/images/dota_react/items/poor_mans_shield.png?t=1593393829403,0,0,0,0,common,damage
Satchel,satchel,https://cdn.cloudflare.steamstatic.com/apps/dota2/images/dota_react/items/satchel.png?t=1593393829403,0,0,0,0,common,utility
Bracer Recipe,recipe_bracer,https://cdn.cloudflare.steamstatic.com/apps/dota2/images/dota_react/items/recipe.png?t=1593393829403,0,0,0,210,normal,utility
Bracer,bracer,https://cdn.cloudflare.steamstatic.com/apps/dota2/images/dota_react/items/bracer.png?t=1593393829403,5,2,0,505,common,utility
Wraith Band Recipe,recipe_wraith_band,https://cdn.cloudflare.steamstatic.com/apps/dota2/images/dota_react/items/recipe.png?t=1593393829403,0,0,0,210,normal,utility
Wraith Band,wraith_band,https://cdn.cloudflare.steamstatic.com/apps/dota2/images/dota_react/items/wraith_band.png?t=1593393829403,2,5,0,505,common,utility
Null Talisman Recipe,recipe_null_talisman,https://cdn.cloudflare.steamstatic.com/apps/dota2/images/dota_react/items/recipe.png?t=1593393829403,0,0,0,210,normal,utility
Null Talisman,null_talisman,https://cdn.cloudflare.steamstatic.com/apps/dota2/images/dota_react/items/null_talisman.png?t=1593393829403,2,2,0,505,common,utility
Mekansm Recipe,recipe_mekansm,https://cdn.cloudflare.steamstatic.com/apps/dota2/images/dota_react/items/recipe.png?t=1593393829403,0,0,0,800,normal,utility
Mekansm,mekansm,https://cdn.cloudflare.steamstatic.com/apps/dota2/images/dota_react/items/mekansm.png?t=1593393829403,0,0,0,1775,rare,support
Vladmir's Offering,vladmir,https://cdn.cloudflare.steamstatic.com/apps/dota2/images/dota_react/items/vladmir.png?t=1593393829403,0,0,0,2200,rare,damage
Recipe Wraith Pact,recipe_wraith_pact,https://cdn.cloudflare.steamstatic.com/apps/dota2/images/dota_react/items/recipe.png?t=1593393829403,0,0,0,400,normal,utility
Wraith Pact,wraith_pact,https://cdn.cloudflare.steamstatic.com/apps/dota2/images/dota_react/items/wraith_pact.png?t=1593393829403,0,0,0,3800,rare,utility
Buckler Recipe,recipe_buckler,https://cdn.cloudflare.steamstatic.com/apps/dota2/images/dota_react/items/recipe.png?t=1593393829403,0,0,0,250,normal,utility
Buckler,buckler,https://cdn.cloudflare.steamstatic.com/apps/dota2/images/dota_react/items/buckler.png?t=1593393829403,0,0,0,425,rare,survivability
Ring of Basilius Recipe,recipe_ring_of_basilius,https://cdn.cloudflare.steamstatic.com/apps/dota2/images/dota_react/items/recipe.png?t=1593393829403,0,0,0,250,normal,utility
Ring of Basilius,ring_of_basilius,https://cdn.cloudflare.steamstatic.com/apps/dota2/images/dota_react/items/ring_of_basilius.png?t=1593393829403,0,0,0,425,rare,utility
Holy Locket Recipe,recipe_holy_locket,https://cdn.cloudflare.steamstatic.com/apps/dota2/images/dota_react/items/recipe.png?t=1593393829403,0,0,0,1340,normal,utility
Holy Locket,holy_locket,https://cdn.cloudflare.steamstatic.com/apps/dota2/images/dota_react/items/holy_locket.png?t=1593393829403,0,0,0,2250,rare,utility
Pipe of Insight Recipe,recipe_pipe,https://cdn.cloudflare.steamstatic.com/apps/dota2/images/dota_react/items/recipe.png?t=1593393829403,0,0,0,800,normal,utility
Pipe of Insight,pipe,https://cdn.cloudflare.steamstatic.com/apps/dota2/images/dota_react/items/pipe.png?t=1593393829403,0,0,0,3725,rare,mana_int
Urn of Shadows Recipe,recipe_urn_of_shadows,https://cdn.cloudflare.steamstatic.com/apps/dota2/images/dota_react/items/recipe.png?t=1593393829403,0,0,0,320,normal,stealth
Urn of Shadows,urn_of_shadows,https://cdn.cloudflare.steamstatic.com/apps/dota2/images/dota_react/items/urn_of_shadows.png?t=1593393829403,0,0,0,825,rare,damage
Headdress Recipe,recipe_headdress,https://cdn.cloudflare.steamstatic.com/apps/dota2/images/dota_react/items/recipe.png?t=1593393829403,0,0,0,250,normal,utility
Headdress,headdress,https://cdn.cloudflare.steamstatic.com/apps/dota2/images/dota_react/items/headdress.png?t=1593393829403,0,0,0,425,rare,support
Scythe of Vyse Recipe,recipe_sheepstick,https://cdn.cloudflare.steamstatic.com/apps/dota2/images/dota_react/items/recipe.png?t=1593393829403,0,0,0,700,normal,utility
Scythe of Vyse,sheepstick,https://cdn.cloudflare.steamstatic.com/apps/dota2/images/dota_react/items/sheepstick.png?t=1593393829403,0,0,0,5200,rare,agility_carry
Caster Rapier,caster_rapier,https://cdn.cloudflare.steamstatic.com/apps/dota2/images/dota_react/items/caster_rapier.png?t=1593393829403,0,0,0,5600,rare,utility
Orchid Malevolence Recipe,recipe_orchid,https://cdn.cloudflare.steamstatic.com/apps/dota2/images/dota_react/items/recipe.png?t=1593393829403,0,0,0,450,normal,utility
Orchid Malevolence,orchid,https://cdn.cloudflare.steamstatic.com/apps/dota2/images/dota_react/items/orchid.png?t=1593393829403,0,0,0,3275,rare,utility
Bloodthorn Recipe,recipe_bloodthorn,https://cdn.cloudflare.steamstatic.com/apps/dota2/images/dota_react/items/recipe.png?t=1593393829403,0,0,0,450,normal,utility
Bloodthorn,bloodthorn,https://cdn.cloudflare.steamstatic.com/apps/dota2/images/dota_react/items/bloodthorn.png?t=1593393829403,0,0,0,6625,epic,utility
Echo Sabre,echo_sabre,https://cdn.cloudflare.steamstatic.com/apps/dota2/images/dota_react/items/echo_sabre.png?t=1593393829403,15,0,0,2700,artifact,mana_int
Eul's Scepter Recipe,recipe_cyclone,https://cdn.cloudflare.steamstatic.com/apps/dota2/images/dota_react/items/recipe.png?t=1593393829403,0,0,0,675,normal,utility
Eul's Scepter of Divinity,cyclone,https://cdn.cloudflare.steamstatic.com/apps/dota2/images/dota_react/items/cyclone.png?t=1593393829403,0,0,0,2600,rare,mana_int
Wind Waker Recipe,recipe_wind_waker,https://cdn.cloudflare.steamstatic.com/apps/dota2/images/dota_react/items/recipe.png?t=1593393829403,0,0,0,1400,normal,utility
Wind Waker,wind_waker,https://cdn.cloudflare.steamstatic.com/apps/dota2/images/dota_react/items/wind_waker.png?t=1593393829403,0,0,0,6800,rare,agility_carry
Aether Lens Recipe,recipe_aether_lens,https://cdn.cloudflare.steamstatic.com/apps/dota2/images/dota_react/items/recipe.png?t=1593393829403,0,0,0,775,normal,utility
Aether Lens,aether_lens,https://cdn.cloudflare.steamstatic.com/apps/dota2/images/dota_react/items/aether_lens.png?t=1593393829403,0,0,0,2275,rare,utility
Force Staff Recipe,recipe_force_staff,https://cdn.cloudflare.steamstatic.com/apps/dota2/images/dota_react/items/recipe.png?t=1593393829403,0,0,0,950,normal,utility
Force Staff,force_staff,https://cdn.cloudflare.steamstatic.com/apps/dota2/images/dota_react/items/force_staff.png?t=1593393829403,0,0,0,2200,rare,utility
Hurricane Pike Recipe,recipe_hurricane_pike,https://cdn.cloudflare.steamstatic.com/apps/dota2/images/dota_react/items/recipe.png?t=1593393829403,0,0,0,350,normal,utility
Hurricane Pike,hurricane_pike,https://cdn.cloudflare.steamstatic.com/apps/dota2/images/dota_react/items/hurricane_pike.png?t=1593393829403,15,20,0,4450,epic,damage
Dagon Recipe,recipe_dagon,https://cdn.cloudflare.steamstatic.com/apps/dota2/images/dota_react/items/recipe.png?t=1593393829403,0,0,0,1150,normal,utility
Dagon,dagon,https://cdn.cloudflare.steamstatic.com/apps/dota2/images/dota_react/items/dagon.png?t=1593393829403,0,0,0,2800,rare,mana_int
Dagon,dagon_2,https://cdn.cloudflare.steamstatic.com/apps/dota2/images/dota_react/items/dagon_2.png?t=1593393829403,0,0,0,3950,rare,mana_int
Dagon,dagon_3,https://cdn.cloudflare.steamstatic.com/apps/dota2/images/dota_react/items/dagon_3.png?t=1593393829403,0,0,0,5100,rare,mana_int
Dagon,dagon_4,https://cdn.cloudflare.steamstatic.com/apps/dota2/images/dota_react/items/dagon_4.png?t=1593393829403,0,0,0,6250,rare,mana_int
Dagon,dagon_5,https://cdn.cloudflare.steamstatic.com/apps/dota2/images/dota_react/items/dagon_5.png?t=1593393829403,0,0,0,7400,rare,mana_int
Necronomicon Recipe,recipe_necronomicon,https://cdn.cloudflare.steamstatic.com/apps/dota2/images/dota_react/items/recipe.png?t=1593393829403,0,0,0,1250,normal,utility
Necronomicon,necronomicon,https://cdn.cloudflare.steamstatic.com/apps/dota2/images/dota_react/items/necronomicon.png?t=1593393829403,6 / 12 / 18,0,0,2050,rare,utility
Necronomicon,necronomicon_2,https://cdn.cloudflare.steamstatic.com/apps/dota2/images/dota_react/items/necronomicon_2.png?t=1593393829403,6 / 12 / 18,0,0,3300,rare,utility
Necronomicon,necronomicon_3,https://cdn.cloudflare.steamstatic.com/apps/dota2/images/dota_react/items/necronomicon_3.png?t=1593393829403,6 / 12 / 18,0,0,4550,rare,utility
Aghanim's Scepter,ultimate_scepter,https://cdn.cloudflare.steamstatic.com/apps/dota2/images/dota_react/items/ultimate_scepter.png?t=1593393829403,0,0,0,4200,rare,utility
Aghanim's Blessing Recipe,recipe_ultimate_scepter_2,https://cdn.cloudflare.steamstatic.com/apps/dota2/images/dota_react/items/recipe.png?t=1593393829403,0,0,0,1600,normal,utility
Aghanim's Blessing,ultimate_scepter_2,https://cdn.cloudflare.steamstatic.com/apps/dota2/images/dota_react/items/ultimate_scepter_2.png?t=1593393829403,0,0,0,5800,rare,utility
Aghanim's Blessing - Roshan,ultimate_scepter_roshan,https://cdn.cloudflare.steamstatic.com/apps/dota2/images/dota_react/items/ultimate_scepter_roshan.png?t=1593393829403,0,0,0,5800,rare,utility
Aghanim's Shard,aghanims_shard,https://cdn.cloudflare.steamstatic.com/apps/dota2/images/dota_react/items/aghanims_shard.png?t=1593393829403,0,0,0,1400,rare,utility
Aghanim's Shard - Consumable,aghanims_shard_roshan,https://cdn.cloudflare.steamstatic.com/apps/dota2/images/dota_react/items/aghanims_shard_roshan.png?t=1593393829403,0,0,0,1400,rare,utility
Refresher Orb Recipe,recipe_refresher,https://cdn.cloudflare.steamstatic.com/apps/dota2/images/dota_react/items/recipe.png?t=1593393829403,0,0,0,1600,normal,utility
Refresher Orb,refresher,https://cdn.cloudflare.steamstatic.com/apps/dota2/images/dota_react/items/refresher.png?t=1593393829403,0,0,0,5000,rare,utility
Assault Cuirass Recipe,recipe_assault,https://cdn.cloudflare.steamstatic.com/apps/dota2/images/dota_react/items/recipe.png?t=1593393829403,0,0,0,1300,normal,utility
Assault Cuirass,assault,https://cdn.cloudflare.steamstatic.com/apps/dota2/images/dota_react/items/assault.png?t=1593393829403,0,0,0,5125,epic,damage
Heart of Tarrasque Recipe,recipe_heart,https://cdn.cloudflare.steamstatic.com/apps/dota2/images/dota_react/items/recipe.png?t=1593393829403,0,0,0,600,normal,utility
Heart of Tarrasque,heart,https://cdn.cloudflare.steamstatic.com/apps/dota2/images/dota_react/items/heart.png?t=1593393829403,40,0,0,5100,epic,utility
Black King Bar Recipe,recipe_black_king_bar,https://cdn.cloudflare.steamstatic.com/apps/dota2/images/dota_react/items/recipe.png?t=1593393829403,0,0,0,1450,normal,utility
Black King Bar,black_king_bar,https://cdn.cloudflare.steamstatic.com/apps/dota2/images/dota_react/items/black_king_bar.png?t=1593393829403,10,0,0,4050,epic,survivability
Aegis of the Immortal,aegis,https://cdn.cloudflare.steamstatic.com/apps/dota2/images/dota_react/items/aegis.png?t=1593393829403,0,0,0,0,artifact,utility
Shiva's Guard Recipe,recipe_shivas_guard,https://cdn.cloudflare.steamstatic.com/apps/dota2/images/dota_react/items/recipe.png?t=1593393829403,0,0,0,2050,normal,utility
Shiva's Guard,shivas_guard,https://cdn.cloudflare.steamstatic.com/apps/dota2/images/dota_react/items/shivas_guard.png?t=1593393829403,5,5,0,5175,epic,agility_carry
Bloodstone,bloodstone,https://cdn.cloudflare.steamstatic.com/apps/dota2/images/dota_react/items/bloodstone.png?t=1593393829403,0,0,0,4350,epic,utility
Linken's Sphere Recipe,recipe_sphere,https://cdn.cloudflare.steamstatic.com/apps/dota2/images/dota_react/items/recipe.png?t=1593393829403,0,0,0,600,normal,utility
Linken's Sphere,sphere,https://cdn.cloudflare.steamstatic.com/apps/dota2/images/dota_react/items/sphere.png?t=1593393829403,0,0,0,4800,epic,mana_int
Lotus Orb Recipe,recipe_lotus_orb,https://cdn.cloudflare.steamstatic.com/apps/dota2/images/dota_react/items/recipe.png?t=1593393829403,0,0,0,250,normal,utility
Lotus Orb,lotus_orb,https://cdn.cloudflare.steamstatic.com/apps/dota2/images/dota_react/items/lotus_orb.png?t=1593393829403,0,0,0,3850,epic,utility
Meteor Hammer Recipe,recipe_meteor_hammer,https://cdn.cloudflare.steamstatic.com/apps/dota2/images/dota_react/items/recipe.png?t=1593393829403,0,0,0,300,normal,utility
Meteor Hammer,meteor_hammer,https://cdn.cloudflare.steamstatic.com/apps/dota2/images/dota_react/items/meteor_hammer.png?t=1593393829403,6,6,0,2850,epic,utility
Nullifier,nullifier,https://cdn.cloudflare.steamstatic.com/apps/dota2/images/dota_react/items/nullifier.png?t=1593393829403,0,0,0,4375,epic,utility
Aeon Disk Recipe,recipe_aeon_disk,https://cdn.cloudflare.steamstatic.com/apps/dota2/images/dota_react/items/recipe.png?t=1593393829403,0,0,0,1200,normal,utility
Aeon Disk,aeon_disk,https://cdn.cloudflare.steamstatic.com/apps/dota2/images/dota_react/items/aeon_disk.png?t=1593393829403,0,0,0,3000,epic,utility
Kaya Recipe,recipe_kaya,https://cdn.cloudflare.steamstatic.com/apps/dota2/images/dota_react/items/recipe.png?t=1593393829403,0,0,0,650,normal,utility
Kaya,kaya,https://cdn.cloudflare.steamstatic.com/apps/dota2/images/dota_react/items/kaya.png?t=1593393829403,0,0,0,2100,epic,utility
Trident,trident,https://cdn.cloudflare.steamstatic.com/apps/dota2/images/dota_react/items/trident.png?t=1593393829403,30,30,0,6301,normal,utility
Combo Breaker,combo_breaker,https://cdn.cloudflare.steamstatic.com/apps/dota2/images/dota_react/items/combo_breaker.png?t=1593393829403,0,0,0,0,normal,utility
Refresher Shard,refresher_shard,https://cdn.cloudflare.steamstatic.com/apps/dota2/images/dota_react/items/refresher_shard.png?t=1593393829403,0,0,0,1000,consumable,utility
Spirit Vessel Recipe,recipe_spirit_vessel,https://cdn.cloudflare.steamstatic.com/apps/dota2/images/dota_react/items/recipe.png?t=1593393829403,0,0,0,900,normal,utility
Spirit Vessel,spirit_vessel,https://cdn.cloudflare.steamstatic.com/apps/dota2/images/dota_react/items/spirit_vessel.png?t=1593393829403,0,0,0,2725,rare,damage
Vanguard,vanguard,https://cdn.cloudflare.steamstatic.com/apps/dota2/images/dota_react/items/vanguard.png?t=1593393829403,0,0,0,1700,epic,damage
Crimson Guard Recipe,recipe_crimson_guard,https://cdn.cloudflare.steamstatic.com/apps/dota2/images/dota_react/items/recipe.png?t=1593393829403,0,0,0,1050,normal,utility
Crimson Guard,crimson_guard,https://cdn.cloudflare.steamstatic.com/apps/dota2/images/dota_react/items/crimson_guard.png?t=1593393829403,0,0,0,3725,epic,damage
Blade Mail Recipe,recipe_blade_mail,https://cdn.cloudflare.steamstatic.com/apps/dota2/images/dota_react/items/recipe.png?t=1593393829403,0,0,0,750,normal,utility
Blade Mail,blade_mail,https://cdn.cloudflare.steamstatic.com/apps/dota2/images/dota_react/items/blade_mail.png?t=1593393829403,0,0,0,2300,epic,damage
Soul Booster,soul_booster,https://cdn.cloudflare.steamstatic.com/apps/dota2/images/dota_react/items/soul_booster.png?t=1593393829403,0,0,0,3000,epic,utility
Hood of Defiance,hood_of_defiance,https://cdn.cloudflare.steamstatic.com/apps/dota2/images/dota_react/items/hood_of_defiance.png?t=1593393829403,0,0,0,0,epic,mana_int
Eternal Shroud Recipe,recipe_eternal_shroud,https://cdn.cloudflare.steamstatic.com/apps/dota2/images/dota_react/items/recipe.png?t=1593393829403,0,0,0,900,normal,utility
Eternal Shroud,eternal_shroud,https://cdn.cloudflare.steamstatic.com/apps/dota2/images/dota_react/items/eternal_shroud.png?t=1593393829403,10,0,0,3700,epic,utility
Divine Rapier,rapier,https://cdn.cloudflare.steamstatic.com/apps/dota2/images/dota_react/items/rapier.png?t=1593393829403,0,0,0,5600,epic,utility
Monkey King Bar Recipe,recipe_monkey_king_bar,https://cdn.cloudflare.steamstatic.com/apps/dota2/images/dota_react/items/recipe.png?t=1593393829403,0,0,0,600,normal,utility
Monkey King Bar,monkey_king_bar,https://cdn.cloudflare.steamstatic.com/apps/dota2/images/dota_react/items/monkey_king_bar.png?t=1593393829403,0,0,0,4700,epic,utility
Radiance,radiance,https://cdn.cloudflare.steamstatic.com/apps/dota2/images/dota_react/items/radiance.png?t=1593393829403,0,0,0,4700,epic,damage
Butterfly,butterfly,https://cdn.cloudflare.steamstatic.com/apps/dota2/images/dota_react/items/butterfly.png?t=1593393829403,0,35,0,5450,epic,agility_carry
Daedalus Recipe,recipe_greater_crit,https://cdn.cloudflare.steamstatic.com/apps/dota2/images/dota_react/items/recipe.png?t=1593393829403,0,0,0,900,normal,utility
Daedalus,greater_crit,https://cdn.cloudflare.steamstatic.com/apps/dota2/images/dota_react/items/greater_crit.png?t=1593393829403,0,0,0,5100,epic,damage
Skull Basher Recipe,recipe_basher,https://cdn.cloudflare.steamstatic.com/apps/dota2/images/dota_react/items/recipe.png?t=1593393829403,0,0,0,825,normal,utility
Skull Basher,basher,https://cdn.cloudflare.steamstatic.com/apps/dota2/images/dota_react/items/basher.png?t=1593393829403,10,0,0,2875,epic,utility
Battle Fury Recipe,recipe_bfury,https://cdn.cloudflare.steamstatic.com/apps/dota2/images/dota_react/items/recipe.png?t=1593393829403,0,0,0,600,normal,utility
Battle Fury,bfury,https://cdn.cloudflare.steamstatic.com/apps/dota2/images/dota_react/items/bfury.png?t=1593393829403,0,0,0,3900,epic,damage
Manta Style Recipe,recipe_manta,https://cdn.cloudflare.steamstatic.com/apps/dota2/images/dota_react/items/recipe.png?t=1593393829403,0,0,0,1550,normal,utility
Manta Style,manta,https://cdn.cloudflare.steamstatic.com/apps/dota2/images/dota_react/items/manta.png?t=1593393829403,10,26,0,4650,epic,agility_carry
Crystalys Recipe,recipe_lesser_crit,https://cdn.cloudflare.steamstatic.com/apps/dota2/images/dota_react/items/recipe.png?t=1593393829403,0,0,0,200,normal,utility
Crystalys,lesser_crit,https://cdn.cloudflare.steamstatic.com/apps/dota2/images/dota_react/items/lesser_crit.png?t=1593393829403,0,0,0,2000,epic,damage
Dragon Lance Recipe,recipe_dragon_lance,https://cdn.cloudflare.steamstatic.com/apps/dota2/images/dota_react/items/recipe.png?t=1593393829403,0,0,0,450,normal,utility
Dragon Lance,dragon_lance,https://cdn.cloudflare.steamstatic.com/apps/dota2/images/dota_react/items/dragon_lance.png?t=1593393829403,10,15,0,1900,artifact,damage
Armlet of Mordiggian Recipe,recipe_armlet,https://cdn.cloudflare.steamstatic.com/apps/dota2/images/dota_react/items/recipe.png?t=1593393829403,0,0,0,625,normal,utility
Armlet of Mordiggian,armlet,https://cdn.cloudflare.steamstatic.com/apps/dota2/images/dota_react/items/armlet.png?t=1593393829403,25,0,0,2500,epic,survivability
Shadow Blade,invis_sword,https://cdn.cloudflare.steamstatic.com/apps/dota2/images/dota_react/items/invis_sword.png?t=1593393829403,0,0,0,3250,epic,damage
Silver Edge Recipe,recipe_silver_edge,https://cdn.cloudflare.steamstatic.com/apps/dota2/images/dota_react/items/recipe.png?t=1593393829403,0,0,0,250,normal,utility
Silver Edge,silver_edge,https://cdn.cloudflare.steamstatic.com/apps/dota2/images/dota_react/items/silver_edge.png?t=1593393829403,0,0,0,5700,epic,utility
Sange and Yasha,sange_and_yasha,https://cdn.cloudflare.steamstatic.com/apps/dota2/images/dota_react/items/sange_and_yasha.png?t=1593393829403,16,16,0,4200,artifact,agility_carry
Kaya and Sange,kaya_and_sange,https://cdn.cloudflare.steamstatic.com/apps/dota2/images/dota_react/items/kaya_and_sange.png?t=1593393829403,16,0,0,4200,artifact,utility
Yasha and Kaya,yasha_and_kaya,https://cdn.cloudflare.steamstatic.com/apps/dota2/images/dota_react/items/yasha_and_kaya.png?t=1593393829403,0,16,0,4200,artifact,utility
Satanic,satanic,https://cdn.cloudflare.steamstatic.com/apps/dota2/images/dota_react/items/satanic.png?t=1593393829403,25,0,0,5050,artifact,utility
Mjollnir Recipe,recipe_mjollnir,https://cdn.cloudflare.steamstatic.com/apps/dota2/images/dota_react/items/recipe.png?t=1593393829403,0,0,0,550,normal,utility
Mjollnir,mjollnir,https://cdn.cloudflare.steamstatic.com/apps/dota2/images/dota_react/items/mjollnir.png?t=1593393829403,0,0,0,5500,artifact,damage
Eye of Skadi,skadi,https://cdn.cloudflare.steamstatic.com/apps/dota2/images/dota_react/items/skadi.png?t=1593393829403,0,0,0,5900,artifact,utility
Sange Recipe,recipe_sange,https://cdn.cloudflare.steamstatic.com/apps/dota2/images/dota_react/items/recipe.png?t=1593393829403,0,0,0,650,normal,utility
Sange,sange,https://cdn.cloudflare.steamstatic.com/apps/dota2/images/dota_react/items/sange.png?t=1593393829403,16,0,0,2100,artifact,utility
Helm of the Dominator Recipe,recipe_helm_of_the_dominator,https://cdn.cloudflare.steamstatic.com/apps/dota2/images/dota_react/items/recipe.png?t=1593393829403,0,0,0,1125,normal,utility
Helm of the Dominator,helm_of_the_dominator,https://cdn.cloudflare.steamstatic.com/apps/dota2/images/dota_react/items/helm_of_the_dominator.png?t=1593393829403,0,0,0,2550,artifact,utility
Helm of the Overlord Recipe,recipe_helm_of_the_overlord,https://cdn.cloudflare.steamstatic.com/apps/dota2/images/dota_react/items/recipe.png?t=1593393829403,0,0,0,300,normal,utility
Helm of the Overlord,helm_of_the_overlord,https://cdn.cloudflare.steamstatic.com/apps/dota2/images/dota_react/items/helm_of_the_overlord.png?t=1593393829403,0,0,0,5650,artifact,utility
Maelstrom,maelstrom,https://cdn.cloudflare.steamstatic.com/apps/dota2/images/dota_react/items/maelstrom.png?t=1593393829403,0,0,0,2950,artifact,utility
Gleipnir Recipe,recipe_gungir,https://cdn.cloudflare.steamstatic.com/apps/dota2/images/dota_react/items/recipe.png?t=1593393829403,0,0,0,1100,normal,utility
Gleipnir,gungir,https://cdn.cloudflare.steamstatic.com/apps/dota2/images/dota_react/items/gungir.png?t=1593393829403,0,0,0,4550,artifact,utility
Desolator,desolator,https://cdn.cloudflare.steamstatic.com/apps/dota2/images/dota_react/items/desolator.png?t=1593393829403,0,0,0,3500,artifact,utility
Yasha Recipe,recipe_yasha,https://cdn.cloudflare.steamstatic.com/apps/dota2/images/dota_react/items/recipe.png?t=1593393829403,0,0,0,650,normal,utility
Yasha,yasha,https://cdn.cloudflare.steamstatic.com/apps/dota2/images/dota_react/items/yasha.png?t=1593393829403,0,16,0,2100,artifact,agility_carry
Mask of Madness,mask_of_madness,https://cdn.cloudflare.steamstatic.com/apps/dota2/images/dota_react/items/mask_of_madness.png?t=1593393829403,0,0,0,1900,artifact,utility
Diffusal Blade Recipe,recipe_diffusal_blade,https://cdn.cloudflare.steamstatic.com/apps/dota2/images/dota_react/items/recipe.png?t=1593393829403,0,0,0,1050,normal,utility
Diffusal Blade,diffusal_blade,https://cdn.cloudflare.steamstatic.com/apps/dota2/images/dota_react/items/diffusal_blade.png?t=1593393829403,0,15,0,2500,artifact,utility
Disperser Recipe,recipe_disperser,https://cdn.cloudflare.steamstatic.com/apps/dota2/images/dota_react/items/recipe.png?t=1593393829403,0,0,0,800,normal,utility
Disperser,disperser,https://cdn.cloudflare.steamstatic.com/apps/dota2/images/dota_react/items/disperser.png?t=1593393829403,0,40,0,6100,artifact,utility
Ethereal Blade Recipe,recipe_ethereal_blade,https://cdn.cloudflare.steamstatic.com/apps/dota2/images/dota_react/items/recipe.png?t=1593393829403,0,0,0,900,normal,utility
Ethereal Blade,ethereal_blade,https://cdn.cloudflare.steamstatic.com/apps/dota2/images/dota_react/items/ethereal_blade.png?t=1593393829403,24,24,0,5200,epic,damage
Soul Ring Recipe,recipe_soul_ring,https://cdn.cloudflare.steamstatic.com/apps/dota2/images/dota_react/items/recipe.png?t=1593393829403,0,0,0,350,normal,utility
Soul Ring,soul_ring,https://cdn.cloudflare.steamstatic.com/apps/dota2/images/dota_react/items/soul_ring.png?t=1593393829403,6,0,0,805,common,mana_int
Arcane Boots Recipe,recipe_arcane_boots,https://cdn.cloudflare.steamstatic.com/apps/dota2/images/dota_react/items/recipe.png?t=1593393829403,0,0,0,475,normal,utility
Arcane Boots,arcane_boots,https://cdn.cloudflare.steamstatic.com/apps/dota2/images/dota_react/items/arcane_boots.png?t=1593393829403,0,0,0,1400,rare,utility
Octarine Core Recipe,recipe_octarine_core,https://cdn.cloudflare.steamstatic.com/apps/dota2/images/dota_react/items/recipe.png?t=1593393829403,0,0,0,200,normal,utility
Octarine Core,octarine_core,https://cdn.cloudflare.steamstatic.com/apps/dota2/images/dota_react/items/octarine_core.png?t=1593393829403,0,0,0,4900,rare,mana_int
Orb of Venom,orb_of_venom,https://cdn.cloudflare.steamstatic.com/apps/dota2/images/dota_react/items/orb_of_venom.png?t=1593393829403,0,0,0,350,component,utility
Orb of Blight,blight_stone,https://cdn.cloudflare.steamstatic.com/apps/dota2/images/dota_react/items/blight_stone.png?t=1593393829403,0,0,0,300,component,utility
Orb of Corrosion,orb_of_corrosion,https://cdn.cloudflare.steamstatic.com/apps/dota2/images/dota_react/items/orb_of_corrosion.png?t=1593393829403,0,7,0,1050,rare,utility
Orb of Frost,orb_of_frost,https://cdn.cloudflare.steamstatic.com/apps/dota2/images/dota_react/items/orb_of_frost.png?t=1593393829403,0,0,0,300,rare,utility
Falcon Blade Recipe,recipe_falcon_blade,https://cdn.cloudflare.steamstatic.com/apps/dota2/images/dota_react/items/recipe.png?t=1593393829403,0,0,0,250,normal,utility
Falcon Blade,falcon_blade,https://cdn.cloudflare.steamstatic.com/apps/dota2/images/dota_react/items/falcon_blade.png?t=1593393829403,0,0,0,1125,rare,utility
Mage Slayer,mage_slayer,https://cdn.cloudflare.steamstatic.com/apps/dota2/images/dota_react/items/mage_slayer.png?t=1593393829403,0,0,0,2800,rare,utility
Drum of Endurance Recipe,recipe_ancient_janggo,https://cdn.cloudflare.steamstatic.com/apps/dota2/images/dota_react/items/recipe.png?t=1593393829403,0,0,0,500,normal,utility
Drum of Endurance,ancient_janggo,https://cdn.cloudflare.steamstatic.com/apps/dota2/images/dota_react/items/ancient_janggo.png?t=1593393829403,0,0,0,1625,rare,mobility
Boots of Bearing,boots_of_bearing,https://cdn.cloudflare.steamstatic.com/apps/dota2/images/dota_react/items/boots_of_bearing.png?t=1593393829403,0,0,0,4225,rare,utility
Medallion of Courage,medallion_of_courage,https://cdn.cloudflare.steamstatic.com/apps/dota2/images/dota_react/items/medallion_of_courage.png?t=1593393829403,0,0,0,1025,rare,utility
Solar Crest Recipe,recipe_solar_crest,https://cdn.cloudflare.steamstatic.com/apps/dota2/images/dota_react/items/recipe.png?t=1593393829403,0,0,0,500,normal,utility
Solar Crest,solar_crest,https://cdn.cloudflare.steamstatic.com/apps/dota2/images/dota_react/items/solar_crest.png?t=1593393829403,0,0,0,2575,rare,utility
Pavise Recipe,recipe_pavise,https://cdn.cloudflare.steamstatic.com/apps/dota2/images/dota_react/items/recipe.png?t=1593393829403,0,0,0,175,normal,utility
Pavise,pavise,https://cdn.cloudflare.steamstatic.com/apps/dota2/images/dota_react/items/pavise.png?t=1593393829403,0,0,0,1400,rare,utility
Smoke of Deceit,smoke_of_deceit,https://cdn.cloudflare.steamstatic.com/apps/dota2/images/dota_react/items/smoke_of_deceit.png?t=1593393829403,0,0,0,50,consumable,utility
Tome of Knowledge,tome_of_knowledge,https://cdn.cloudflare.steamstatic.com/apps/dota2/images/dota_react/items/tome_of_knowledge.png?t=1593393829403,0,0,0,75,consumable,utility
Veil of Discord Recipe,recipe_veil_of_discord,https://cdn.cloudflare.steamstatic.com/apps/dota2/images/dota_react/items/recipe.png?t=1593393829403,0,0,0,320,normal,utility
Veil of Discord,veil_of_discord,https://cdn.cloudflare.steamstatic.com/apps/dota2/images/dota_react/items/veil_of_discord.png?t=1593393829403,0,0,0,1725,rare,utility
Revenant's Brooch Recipe,recipe_revenants_brooch,https://cdn.cloudflare.steamstatic.com/apps/dota2/images/dota_react/items/recipe.png?t=1593393829403,0,0,0,650,normal,utility
Revenant's Brooch,revenants_brooch,https://cdn.cloudflare.steamstatic.com/apps/dota2/images/dota_react/items/revenants_brooch.png?t=1593393829403,0,0,0,3300,rare,damage
Parasma Recipe,recipe_devastator,https://cdn.cloudflare.steamstatic.com/apps/dota2/images/dota_react/items/recipe.png?t=1593393829403,0,0,0,400,normal,utility
Parasma,devastator,https://cdn.cloudflare.steamstatic.com/apps/dota2/images/dota_react/items/devastator.png?t=1593393829403,0,0,0,5975,rare,utility
Guardian Greaves Recipe,recipe_guardian_greaves,https://cdn.cloudflare.steamstatic.com/apps/dota2/images/dota_react/items/recipe.png?t=1593393829403,0,0,0,1125,normal,utility
Guardian Greaves,guardian_greaves,https://cdn.cloudflare.steamstatic.com/apps/dota2/images/dota_react/items/guardian_greaves.png?t=1593393829403,0,0,0,4300,rare,utility
Rod of Atos Recipe,recipe_rod_of_atos,https://cdn.cloudflare.steamstatic.com/apps/dota2/images/dota_react/items/recipe.png?t=1593393829403,0,0,0,250,normal,utility
Rod of Atos,rod_of_atos,https://cdn.cloudflare.steamstatic.com/apps/dota2/images/dota_react/items/rod_of_atos.png?t=1593393829403,0,0,0,2250,rare,utility
Iron Talon Recipe,recipe_iron_talon,https://cdn.cloudflare.steamstatic.com/apps/dota2/images/dota_react/items/recipe.png?3,0,0,0,125,normal,utility
Iron Talon,iron_talon,https://cdn.cloudflare.steamstatic.com/apps/dota2/images/dota_react/items/iron_talon.png?t=1593393829403,0,0,0,0,common,utility
Abyssal Blade Recipe,recipe_abyssal_blade,https://cdn.cloudflare.steamstatic.com/apps/dota2/images/dota_react/items/recipe.png?t=1593393829403,0,0,0,1275,normal,utility
Abyssal Blade,abyssal_blade,https://cdn.cloudflare.steamstatic.com/apps/dota2/images/dota_react/items/abyssal_blade.png?t=1593393829403,26,0,0,6250,epic,damage
Heaven's Halberd Recipe,recipe_heavens_halberd,https://cdn.cloudflare.steamstatic.com/apps/dota2/images/dota_react/items/recipe.png?t=1593393829403,0,0,0,450,normal,utility
Heaven's Halberd,heavens_halberd,https://cdn.cloudflare.steamstatic.com/apps/dota2/images/dota_react/items/heavens_halberd.png?t=1593393829403,0,0,0,2600,artifact,agility_carry
Ring of Aquila,ring_of_aquila,https://cdn.cloudflare.steamstatic.com/apps/dota2/images/dota_react/items/ring_of_aquila.png?t=1593393829403,3,9,0,0,normal,support
Tranquil Boots,tranquil_boots,https://cdn.cloudflare.steamstatic.com/apps/dota2/images/dota_react/items/tranquil_boots.png?t=1593393829403,0,0,0,900,rare,utility
Shadow Amulet,shadow_amulet,https://cdn.cloudflare.steamstatic.com/apps/dota2/images/dota_react/items/shadow_amulet.png?t=1593393829403,0,0,0,900,normal,stealth
Glimmer Cape Recipe,recipe_glimmer_cape,https://cdn.cloudflare.steamstatic.com/apps/dota2/images/dota_react/items/recipe.png?t=1593393829403,0,0,0,450,normal,utility
Glimmer Cape,glimmer_cape,https://cdn.cloudflare.steamstatic.com/apps/dota2/images/dota_react/items/glimmer_cape.png?t=1593393829403,0,0,0,2150,rare,utility
River Vial: Chrome,river_painter,https://cdn.cloudflare.steamstatic.com/apps/dota2/images/dota_react/items/river_painter.png?t=1593393829403,0,0,0,0,component,utility
River Vial: Dry,river_painter2,https://cdn.cloudflare.steamstatic.com/apps/dota2/images/dota_react/items/river_painter2.png?t=1593393829403,0,0,0,0,component,utility
River Vial: Slime,river_painter3,https://cdn.cloudflare.steamstatic.com/apps/dota2/images/dota_react/items/river_painter3.png?t=1593393829403,0,0,0,0,component,utility
River Vial: Oil,river_painter4,https://cdn.cloudflare.steamstatic.com/apps/dota2/images/dota_react/items/river_painter4.png?t=1593393829403,0,0,0,0,component,utility
River Vial: Electrified,river_painter5,https://cdn.cloudflare.steamstatic.com/apps/dota2/images/dota_react/items/river_painter5.png?t=1593393829403,0,0,0,0,component,utility
River Vial: Potion,river_painter6,https://cdn.cloudflare.steamstatic.com/apps/dota2/images/dota_react/items/river_painter6.png?t=1593393829403,0,0,0,0,component,utility
River Vial: Blood,river_painter7,https://cdn.cloudflare.steamstatic.com/apps/dota2/images/dota_react/items/river_painter7.png?t=1593393829403,0,0,0,0,component,utility
Tombstone,mutation_tombstone,https://cdn.cloudflare.steamstatic.com/apps/dota2/images/dota_react/items/mutation_tombstone.png?t=1593393829403,0,0,0,0,consumable,utility
Super Blink,super_blink,https://cdn.cloudflare.steamstatic.com/apps/dota2/images/dota_react/items/super_blink.png?t=1593393829403,0,0,0,0,normal,utility
Pocket Tower,pocket_tower,https://cdn.cloudflare.steamstatic.com/apps/dota2/images/dota_react/items/pocket_tower.png?t=1593393829403,0,0,0,0,normal,utility
Pocket Roshan,pocket_roshan,https://cdn.cloudflare.steamstatic.com/apps/dota2/images/dota_react/items/pocket_roshan.png?t=1593393829403,0,0,0,1000,rare,utility
Keen Optic,keen_optic,https://cdn.cloudflare.steamstatic.com/apps/dota2/images/dota_react/items/keen_optic.png?t=1593393829403,0,0,0,0,normal,utility
Grove Bow,grove_bow,https://cdn.cloudflare.steamstatic.com/apps/dota2/images/dota_react/items/grove_bow.png?t=1593393829403,0,0,0,0,normal,utility
Quickening Charm,quickening_charm,https://cdn.cloudflare.steamstatic.com/apps/dota2/images/dota_react/items/quickening_charm.png?t=1593393829403,0,0,0,0,normal,utility
Philosopher's Stone,philosophers_stone,https://cdn.cloudflare.steamstatic.com/apps/dota2/images/dota_react/items/philosophers_stone.png?t=1593393829403,0,0,0,0,normal,utility
Force Boots,force_boots,https://cdn.cloudflare.steamstatic.com/apps/dota2/images/dota_react/items/force_boots.png?t=1593393829403,0,0,0,0,normal,mana_int
Stygian Desolator,desolator_2,https://cdn.cloudflare.steamstatic.com/apps/dota2/images/dota_react/items/desolator_2.png?t=1593393829403,0,0,0,0,normal,utility
Phoenix Ash,phoenix_ash,https://cdn.cloudflare.steamstatic.com/apps/dota2/images/dota_react/items/phoenix_ash.png?t=1593393829403,0,0,0,0,normal,utility
Seer Stone,seer_stone,https://cdn.cloudflare.steamstatic.com/apps/dota2/images/dota_react/items/seer_stone.png?t=1593393829403,0,0,0,0,normal,utility
Greater Mango,greater_mango,https://cdn.cloudflare.steamstatic.com/apps/dota2/images/dota_react/items/greater_mango.png?t=1593393829403,0,0,0,0,normal,utility
Elixir,elixer,https://cdn.cloudflare.steamstatic.com/apps/dota2/images/dota_react/items/elixer.png?t=1593393829403,0,0,0,0,normal,utility
Vampire Fangs,vampire_fangs,https://cdn.cloudflare.steamstatic.com/apps/dota2/images/dota_react/items/vampire_fangs.png?t=1593393829403,0,0,0,0,normal,utility
Arcanist's Armor,force_field,https://cdn.cloudflare.steamstatic.com/apps/dota2/images/dota_react/items/force_field.png?t=1593393829403,0,0,0,0,normal,utility
Blast Rig,black_powder_bag,https://cdn.cloudflare.steamstatic.com/apps/dota2/images/dota_react/items/black_powder_bag.png?t=1593393829403,0,0,0,0,normal,utility
Mechanical Arm,mechanical_arm,https://cdn.cloudflare.steamstatic.com/apps/dota2/images/dota_react/items/mechanical_arm.png?t=1593393829403,0,0,0,0,normal,utility
Craggy Coat,craggy_coat,https://cdn.cloudflare.steamstatic.com/apps/dota2/images/dota_react/items/craggy_coat.png?t=1593393829403,0,0,0,0,normal,utility
Greater Faerie Fire,greater_faerie_fire,https://cdn.cloudflare.steamstatic.com/apps/dota2/images/dota_react/items/greater_faerie_fire.png?t=1593393829403,0,0,0,0,consumable,utility
Timeless Relic,timeless_relic,https://cdn.cloudflare.steamstatic.com/apps/dota2/images/dota_react/items/timeless_relic.png?t=1593393829403,0,0,0,0,normal,utility
Mirror Shield,mirror_shield,https://cdn.cloudflare.steamstatic.com/apps/dota2/images/dota_react/items/mirror_shield.png?t=1593393829403,0,0,0,0,normal,utility
Ironwood Tree,ironwood_tree,https://cdn.cloudflare.steamstatic.com/apps/dota2/images/dota_react/items/ironwood_tree.png?t=1593393829403,0,0,0,0,normal,utility
Mango Tree,mango_tree,https://cdn.cloudflare.steamstatic.com/apps/dota2/images/dota_react/items/mango_tree.png?t=1593393829403,0,0,0,0,consumable,utility
Royal Jelly,royal_jelly,https://cdn.cloudflare.steamstatic.com/apps/dota2/images/dota_react/items/royal_jelly.png?t=1593393829403,0,0,0,0,consumable,utility
Pupil's Gift,pupils_gift,https://cdn.cloudflare.steamstatic.com/apps/dota2/images/dota_react/items/pupils_gift.png?t=1593393829403,0,0,0,0,normal,utility
Tome of Aghanim,tome_of_aghanim,https://cdn.cloudflare.steamstatic.com/apps/dota2/images/dota_react/items/tome_of_aghanim.png?t=1593393829403,0,0,0,0,normal,utility
Repair Kit,repair_kit,https://cdn.cloudflare.steamstatic.com/apps/dota2/images/dota_react/items/repair_kit.png?t=1593393829403,0,0,0,0,consumable,utility
Mind Breaker,mind_breaker,https://cdn.cloudflare.steamstatic.com/apps/dota2/images/dota_react/items/mind_breaker.png?t=1593393829403,0,0,0,0,normal,utility
Third Eye,third_eye,https://cdn.cloudflare.steamstatic.com/apps/dota2/images/dota_react/items/third_eye.png?t=1593393829403,0,0,0,0,normal,utility
Spell Prism,spell_prism,https://cdn.cloudflare.steamstatic.com/apps/dota2/images/dota_react/items/spell_prism.png?t=1593393829403,0,0,0,0,normal,mana_int
Prince's Knife,princes_knife,https://cdn.cloudflare.steamstatic.com/apps/dota2/images/dota_react/items/princes_knife.png?t=1593393829403,0,0,0,0,normal,utility
Witless Shako,witless_shako,https://cdn.cloudflare.steamstatic.com/apps/dota2/images/dota_react/items/witless_shako.png?t=1593393829403,0,0,0,0,normal,utility
Imp Claw,imp_claw,https://cdn.cloudflare.steamstatic.com/apps/dota2/images/dota_react/items/imp_claw.png?t=1593393829403,0,0,0,0,normal,utility
Flicker,flicker,https://cdn.cloudflare.steamstatic.com/apps/dota2/images/dota_react/items/flicker.png?t=1593393829403,0,0,0,0,normal,utility
Telescope,spy_gadget,https://cdn.cloudflare.steamstatic.com/apps/dota2/images/dota_react/items/spy_gadget.png?t=1593393829403,0,0,0,0,normal,mana_int
Spider Legs,spider_legs,https://cdn.cloudflare.steamstatic.com/apps/dota2/images/dota_react/items/spider_legs.png?t=1593393829403,0,0,0,0,normal,utility
Helm of the Undying,helm_of_the_undying,https://cdn.cloudflare.steamstatic.com/apps/dota2/images/dota_react/items/helm_of_the_undying.png?t=1593393829403,0,0,0,0,normal,utility
Vambrace,vambrace,https://cdn.cloudflare.steamstatic.com/apps/dota2/images/dota_react/items/vambrace.png?t=1593393829403,0,0,0,0,common,utility
Horizon,horizon,https://cdn.cloudflare.steamstatic.com/apps/dota2/images/dota_react/items/horizon.png?t=1593393829403,0,0,0,0,normal,utility
Fusion Rune,fusion_rune,https://cdn.cloudflare.steamstatic.com/apps/dota2/images/dota_react/items/fusion_rune.png?t=1593393829403,0,0,0,0,normal,utility
Ocean Heart,ocean_heart,https://cdn.cloudflare.steamstatic.com/apps/dota2/images/dota_react/items/ocean_heart.png?t=1593393829403,0,0,0,0,normal,utility
Spark of Courage,spark_of_courage,https://cdn.cloudflare.steamstatic.com/apps/dota2/images/dota_react/items/spark_of_courage.png?t=1593393829403,0,0,0,0,normal,utility
Broom Handle,broom_handle,https://cdn.cloudflare.steamstatic.com/apps/dota2/images/dota_react/items/broom_handle.png?t=1593393829403,0,0,0,0,normal,utility
Trusty Shovel,trusty_shovel,https://cdn.cloudflare.steamstatic.com/apps/dota2/images/dota_react/items/trusty_shovel.png?t=1593393829403,0,0,0,0,normal,utility
Nether Shawl,nether_shawl,https://cdn.cloudflare.steamstatic.com/apps/dota2/images/dota_react/items/nether_shawl.png?t=1593393829403,0,0,0,0,normal,utility
Dragon Scale,dragon_scale,https://cdn.cloudflare.steamstatic.com/apps/dota2/images/dota_react/items/dragon_scale.png?t=1593393829403,0,0,0,0,normal,utility
Essence Ring,essence_ring,https://cdn.cloudflare.steamstatic.com/apps/dota2/images/dota_react/items/essence_ring.png?t=1593393829403,0,0,0,0,normal,utility
Clumsy Net,clumsy_net,https://cdn.cloudflare.steamstatic.com/apps/dota2/images/dota_react/items/clumsy_net.png?t=1593393829403,0,0,0,0,normal,utility
Enchanted Quiver,enchanted_quiver,https://cdn.cloudflare.steamstatic.com/apps/dota2/images/dota_react/items/enchanted_quiver.png?t=1593393829403,0,0,0,0,normal,utility
Ninja Gear,ninja_gear,https://cdn.cloudflare.steamstatic.com/apps/dota2/images/dota_react/items/ninja_gear.png?t=1593393829403,0,0,0,0,normal,utility
Illusionist's Cape,illusionsts_cape,https://cdn.cloudflare.steamstatic.com/apps/dota2/images/dota_react/items/illusionsts_cape.png?t=1593393829403,0,0,0,0,normal,utility
Havoc Hammer,havoc_hammer,https://cdn.cloudflare.steamstatic.com/apps/dota2/images/dota_react/items/havoc_hammer.png?t=1593393829403,14,0,0,0,normal,utility
Magic Lamp,panic_button,https://cdn.cloudflare.steamstatic.com/apps/dota2/images/dota_react/items/panic_button.png?t=1593393829403,0,0,0,0,normal,mana_int
Apex,apex,https://cdn.cloudflare.steamstatic.com/apps/dota2/images/dota_react/items/apex.png?t=1593393829403,0,0,0,0,normal,utility
Ballista,ballista,https://cdn.cloudflare.steamstatic.com/apps/dota2/images/dota_react/items/ballista.png?t=1593393829403,0,0,0,0,normal,utility
Woodland Striders,woodland_striders,https://cdn.cloudflare.steamstatic.com/apps/dota2/images/dota_react/items/woodland_striders.png?t=1593393829403,0,0,0,0,normal,utility
Trident Recipe,recipe_trident,https://cdn.cloudflare.steamstatic.com/apps/dota2/images/dota_react/items/recipe.png?t=1593393829403,0,0,0,1,normal,utility
Book of the Dead,demonicon,https://cdn.cloudflare.steamstatic.com/apps/dota2/images/dota_react/items/demonicon.png?t=1593393829403,0,0,0,0,normal,survivability
Fallen Sky,fallen_sky,https://cdn.cloudflare.steamstatic.com/apps/dota2/images/dota_react/items/fallen_sky.png?t=1593393829403,0,0,0,0,normal,utility
Pirate Hat,pirate_hat,https://cdn.cloudflare.steamstatic.com/apps/dota2/images/dota_react/items/pirate_hat.png?t=1593393829403,0,0,0,0,normal,utility
Dimensional Doorway,dimensional_doorway,https://cdn.cloudflare.steamstatic.com/apps/dota2/images/dota_react/items/dimensional_doorway.png?t=1593393829403,0,0,0,0,normal,utility
Ex Machina,ex_machina,https://cdn.cloudflare.steamstatic.com/apps/dota2/images/dota_react/items/ex_machina.png?t=1593393829403,0,0,0,0,normal,utility
Faded Broach,faded_broach,https://cdn.cloudflare.steamstatic.com/apps/dota2/images/dota_react/items/faded_broach.png?t=1593393829403,0,0,0,0,normal,utility
Paladin Sword,paladin_sword,https://cdn.cloudflare.steamstatic.com/apps/dota2/images/dota_react/items/paladin_sword.png?t=1593393829403,0,0,0,0,normal,utility
Minotaur Horn,minotaur_horn,https://cdn.cloudflare.steamstatic.com/apps/dota2/images/dota_react/items/minotaur_horn.png?t=1593393829403,0,0,0,0,normal,utility
Orb of Destruction,orb_of_destruction,https://cdn.cloudflare.steamstatic.com/apps/dota2/images/dota_react/items/orb_of_destruction.png?t=1593393829403,0,0,0,0,normal,utility
The Leveller,the_leveller,https://cdn.cloudflare.steamstatic.com/apps/dota2/images/dota_react/items/the_leveller.png?t=1593393829403,0,0,0,0,normal,utility
Arcane Ring,arcane_ring,https://cdn.cloudflare.steamstatic.com/apps/dota2/images/dota_react/items/arcane_ring.png?t=1593393829403,0,0,0,0,normal,utility
Titan Sliver,titan_sliver,https://cdn.cloudflare.steamstatic.com/apps/dota2/images/dota_react/items/titan_sliver.png?t=1593393829403,0,0,0,0,normal,utility
Chipped Vest,chipped_vest,https://cdn.cloudflare.steamstatic.com/apps/dota2/images/dota_react/items/chipped_vest.png?t=1593393829403,0,0,0,0,normal,utility
Wizard Glass,wizard_glass,https://cdn.cloudflare.steamstatic.com/apps/dota2/images/dota_react/items/wizard_glass.png?t=1593393829403,0,0,0,0,normal,utility
Gloves Of Travel,gloves_of_travel,https://cdn.cloudflare.steamstatic.com/apps/dota2/images/dota_react/items/gloves_of_travel.png?t=1593393829403,0,0,0,0,normal,utility
Elven Tunic,elven_tunic,https://cdn.cloudflare.steamstatic.com/apps/dota2/images/dota_react/items/elven_tunic.png?t=1593393829403,0,0,0,0,normal,utility
Cloak of Flames,cloak_of_flames,https://cdn.cloudflare.steamstatic.com/apps/dota2/images/dota_react/items/cloak_of_flames.png?t=1593393829403,0,0,0,0,normal,utility
Venom Gland,venom_gland,https://cdn.cloudflare.steamstatic.com/apps/dota2/images/dota_react/items/venom_gland.png?t=1593393829403,0,0,0,0,normal,utility
Trickster Cloak,trickster_cloak,https://cdn.cloudflare.steamstatic.com/apps/dota2/images/dota_react/items/trickster_cloak.png?t=1593393829403,0,0,0,0,normal,utility
Gladiator Helm,gladiator_helm,https://cdn.cloudflare.steamstatic.com/apps/dota2/images/dota_react/items/gladiator_helm.png?t=1593393829403,0,0,0,0,normal,utility
Possessed Mask,possessed_mask,https://cdn.cloudflare.steamstatic.com/apps/dota2/images/dota_react/items/possessed_mask.png?t=1593393829403,0,0,0,0,normal,utility
Ancient Perseverance,ancient_perseverance,https://cdn.cloudflare.steamstatic.com/apps/dota2/images/dota_react/items/ancient_perseverance.png?t=1593393829403,0,0,0,0,normal,utility
Star Mace,star_mace,https://cdn.cloudflare.steamstatic.com/apps/dota2/images/dota_react/items/star_mace.png?t=1593393829403,0,0,0,0,normal,utility
Penta-Edged Sword,penta_edged_sword,https://cdn.cloudflare.steamstatic.com/apps/dota2/images/dota_react/items/penta_edged_sword.png?t=1593393829403,0,0,0,0,normal,utility
Oakheart,oakheart,https://cdn.cloudflare.steamstatic.com/apps/dota2/images/dota_react/items/oakheart.png?t=1593393829403,15,0,0,0,normal,utility
Warhammer,warhammer,https://cdn.cloudflare.steamstatic.com/apps/dota2/images/dota_react/items/warhammer.png?t=1593393829403,10,0,0,0,normal,utility
Bullwhip,bullwhip,https://cdn.cloudflare.steamstatic.com/apps/dota2/images/dota_react/items/bullwhip.png?t=1593393829403,0,0,0,0,normal,mana_int
Psychic Headband,psychic_headband,https://cdn.cloudflare.steamstatic.com/apps/dota2/images/dota_react/items/psychic_headband.png?t=1593393829403,0,0,0,0,normal,mana_int
Ceremonial Robe,ceremonial_robe,https://cdn.cloudflare.steamstatic.com/apps/dota2/images/dota_react/items/ceremonial_robe.png?t=1593393829403,0,0,0,0,normal,utility
Quicksilver Amulet,quicksilver_amulet,https://cdn.cloudflare.steamstatic.com/apps/dota2/images/dota_react/items/quicksilver_amulet.png?t=1593393829403,0,0,0,0,normal,utility
Book of Shadows,book_of_shadows,https://cdn.cloudflare.steamstatic.com/apps/dota2/images/dota_react/items/book_of_shadows.png?t=1593393829403,0,0,0,0,normal,mana_int
Giant's Ring,giants_ring,https://cdn.cloudflare.steamstatic.com/apps/dota2/images/dota_react/items/giants_ring.png?t=1593393829403,0,0,0,0,normal,utility
Shadow of Vengeance,vengeances_shadow,https://cdn.cloudflare.steamstatic.com/apps/dota2/images/dota_react/items/vengeances_shadow.png?t=1593393829403,0,0,0,0,normal,stealth
Stormcrafter,stormcrafter,https://cdn.cloudflare.steamstatic.com/apps/dota2/images/dota_react/items/stormcrafter.png?t=1593393829403,0,0,0,0,normal,mana_int
Overflowing Elixir,overflowing_elixir,https://cdn.cloudflare.steamstatic.com/apps/dota2/images/dota_react/items/overflowing_elixir.png?t=1593393829403,0,0,0,0,normal,utility
Fairy's Trinket,mysterious_hat,https://cdn.cloudflare.steamstatic.com/apps/dota2/images/dota_react/items/mysterious_hat.png?t=1593393829403,0,0,0,0,normal,utility
Assassins Dagger,assassins_dagger,https://cdn.cloudflare.steamstatic.com/apps/dota2/images/dota_react/items/assassins_dagger.png?t=1593393829403,0,0,0,0,normal,utility
Ascetic's Cap,ascetic_cap,https://cdn.cloudflare.steamstatic.com/apps/dota2/images/dota_react/items/ascetic_cap.png?t=1593393829403,0,0,0,0,normal,utility
Sample Picker,sample_picker,https://cdn.cloudflare.steamstatic.com/apps/dota2/images/dota_react/items/sample_picker.png?t=1593393829403,5,0,0,0,normal,utility
Icarus Wings,icarus_wings,https://cdn.cloudflare.steamstatic.com/apps/dota2/images/dota_react/items/icarus_wings.png?t=1593393829403,0,0,0,0,normal,utility
Brigand's Blade,misericorde,https://cdn.cloudflare.steamstatic.com/apps/dota2/images/dota_react/items/misericorde.png?t=1593393829403,0,0,0,0,normal,utility
Light Robes,light_robes,https://cdn.cloudflare.steamstatic.com/apps/dota2/images/dota_react/items/light_robes.png?t=1593393829403,0,0,0,0,normal,utility
Witchbane,heavy_blade,https://cdn.cloudflare.steamstatic.com/apps/dota2/images/dota_react/items/heavy_blade.png?t=1593393829403,0,0,0,0,normal,utility
Pig Pole,unstable_wand,https://cdn.cloudflare.steamstatic.com/apps/dota2/images/dota_react/items/unstable_wand.png?t=1593393829403,0,0,0,0,normal,utility
Fortitude Ring,fortitude_ring,https://cdn.cloudflare.steamstatic.com/apps/dota2/images/dota_react/items/fortitude_ring.png?t=1593393829403,0,0,0,0,normal,utility
Tumbler's Toy,pogo_stick,https://cdn.cloudflare.steamstatic.com/apps/dota2/images/dota_react/items/pogo_stick.png?t=1593393829403,0,0,0,0,normal,utility
Fae Grenade,paintball,https://cdn.cloudflare.steamstatic.com/apps/dota2/images/dota_react/items/paintball.png?t=1593393829403,0,0,0,0,normal,mana_int
Seeds of Serenity,seeds_of_serenity,https://cdn.cloudflare.steamstatic.com/apps/dota2/images/dota_react/items/seeds_of_serenity.png?t=1593393829403,0,0,0,0,normal,utility
Lance of Pursuit,lance_of_pursuit,https://cdn.cloudflare.steamstatic.com/apps/dota2/images/dota_react/items/lance_of_pursuit.png?t=1593393829403,0,0,0,0,normal,utility
Occult Bracelet,occult_bracelet,https://cdn.cloudflare.steamstatic.com/apps/dota2/images/dota_react/items/occult_bracelet.png?t=1593393829403,0,0,0,0,normal,utility
Tome Of Omniscience,tome_of_omniscience,https://cdn.cloudflare.steamstatic.com/apps/dota2/images/dota_react/items/tome_of_omniscience.png?t=1593393829403,0,0,0,0,normal,utility
Ogre Seal Totem,ogre_seal_totem,https://cdn.cloudflare.steamstatic.com/apps/dota2/images/dota_react/items/ogre_seal_totem.png?t=1593393829403,0,0,0,0,normal,utility
Wand Of The Brine,wand_of_the_brine,https://cdn.cloudflare.steamstatic.com/apps/dota2/images/dota_react/items/wand_of_the_brine.png?t=1593393829403,0,0,0,0,normal,utility
Slime Vial,slime_vial,https://cdn.cloudflare.steamstatic.com/apps/dota2/images/dota_react/items/slime_vial.png?t=1593393829403,0,0,0,0,normal,utility
Harpoon Recipe,recipe_harpoon,https://cdn.cloudflare.steamstatic.com/apps/dota2/images/dota_react/items/recipe.png?t=1593393829403,0,0,0,1000,normal,utility
Harpoon,harpoon,https://cdn.cloudflare.steamstatic.com/apps/dota2/images/dota_react/items/harpoon.png?t=1593393829403,25,10,0,4700,normal,utility
Defiant Shell,defiant_shell,https://cdn.cloudflare.steamstatic.com/apps/dota2/images/dota_react/items/defiant_shell.png?t=1593393829403,0,0,0,0,normal,utility
Arcane Scout,arcane_scout,https://cdn.cloudflare.steamstatic.com/apps/dota2/images/dota_react/items/arcane_scout.png?t=1593393829403,0,0,0,0,normal,utility
Barricade,barricade,https://cdn.cloudflare.steamstatic.com/apps/dota2/images/dota_react/items/barricade.png?t=1593393829403,0,0,0,0,normal,utility
Eye of the Vizier,eye_of_the_vizier,https://cdn.cloudflare.steamstatic.com/apps/dota2/images/dota_react/items/eye_of_the_vizier.png?t=1593393829403,0,0,0,0,normal,mana_int
Manacles Of Power,manacles_of_power,https://cdn.cloudflare.steamstatic.com/apps/dota2/images/dota_react/items/manacles_of_power.png?t=1593393829403,30,0,0,0,normal,utility
Bottomless Chalice,bottomless_chalice,https://cdn.cloudflare.steamstatic.com/apps/dota2/images/dota_react/items/bottomless_chalice.png?t=1593393829403,0,0,0,0,normal,utility
Wand Of Sanctitude,wand_of_sanctitude,https://cdn.cloudflare.steamstatic.com/apps/dota2/images/dota_react/items/wand_of_sanctitude.png?t=1593393829403,0,0,0,0,normal,utility
Dagger of Ristul,dagger_of_ristul,https://cdn.cloudflare.steamstatic.com/apps/dota2/images/dota_react/items/dagger_of_ristul.png?t=1593393829403,0,0,0,0,normal,utility
Beloved Memory,ofrenda,https://cdn.cloudflare.steamstatic.com/apps/dota2/images/dota_react/items/ofrenda.png?t=1593393829403,0,0,0,0,normal,utility
Scrying Shovel,ofrenda_shovel,https://cdn.cloudflare.steamstatic.com/apps/dota2/images/dota_react/items/ofrenda_shovel.png?t=1593393829403,0,0,0,0,normal,utility
Forebearer's Fortune,ofrenda_pledge,https://cdn.cloudflare.steamstatic.com/apps/dota2/images/dota_react/items/ofrenda_pledge.png?t=1593393829403,0,0,0,0,normal,utility
Mercy & Grace,muertas_gun,https://cdn.cloudflare.steamstatic.com/apps/dota2/images/dota_react/items/muertas_gun.png?t=1593393829403,0,0,0,0,normal,utility
Tier 1 Token,tier1_token,https://cdn.cloudflare.steamstatic.com/apps/dota2/images/dota_react/items/tier1_token.png?t=1593393829403,0,0,0,0,normal,utility
Tier 2 Token,tier2_token,https://cdn.cloudflare.steamstatic.com/apps/dota2/images/dota_react/items/tier2_token.png?t=1593393829403,0,0,0,0,normal,utility
Tier 3 Token,tier3_token,https://cdn.cloudflare.steamstatic.com/apps/dota2/images/dota_react/items/tier3_token.png?t=1593393829403,0,0,0,0,normal,utility
Tier 4 Token,tier4_token,https://cdn.cloudflare.steamstatic.com/apps/dota2/images/dota_react/items/tier4_token.png?t=1593393829403,0,0,0,0,normal,utility
Tier 5 Token,tier5_token,https://cdn.cloudflare.steamstatic.com/apps/dota2/images/dota_react/items/tier5_token.png?t=1593393829403,0,0,0,0,normal,utility
Vindicator's Axe,vindicators_axe,https://cdn.cloudflare.steamstatic.com/apps/dota2/images/dota_react/items/vindicators_axe.png?t=1593393829403,0,0,0,0,normal,utility
Duelist Gloves,duelist_gloves,https://cdn.cloudflare.steamstatic.com/apps/dota2/images/dota_react/items/duelist_gloves.png?t=1593393829403,0,0,0,0,normal,utility
Ancient Guardian,ancient_guardian,https://cdn.cloudflare.steamstatic.com/apps/dota2/images/dota_react/items/ancient_guardian.png?t=1593393829403,0,0,0,0,normal,utility
Safety Bubble,safety_bubble,https://cdn.cloudflare.steamstatic.com/apps/dota2/images/dota_react/items/safety_bubble.png?t=1593393829403,0,0,0,0,normal,utility
Whisper of the Dread,whisper_of_the_dread,https://cdn.cloudflare.steamstatic.com/apps/dota2/images/dota_react/items/whisper_of_the_dread.png?t=1593393829403,0,0,0,0,normal,utility
Nemesis Curse,nemesis_curse,https://cdn.cloudflare.steamstatic.com/apps/dota2/images/dota_react/items/nemesis_curse.png?t=1593393829403,0,0,0,0,normal,utility
Aviana's Feather,avianas_feather,https://cdn.cloudflare.steamstatic.com/apps/dota2/images/dota_react/items/avianas_feather.png?t=1593393829403,0,0,0,0,normal,utility
Unwavering Condition,unwavering_condition,https://cdn.cloudflare.steamstatic.com/apps/dota2/images/dota_react/items/unwavering_condition.png?t=1593393829403,0,0,0,0,normal,utility
Horizons Equilibrium,horizons_equilibrium,https://cdn.cloudflare.steamstatic.com/apps/dota2/images/dota_react/items/horizons_equilibrium.png?t=1593393829403,0,0,0,0,normal,utility
Blighted Spirit,blighted_spirit,https://cdn.cloudflare.steamstatic.com/apps/dota2/images/dota_react/items/blighted_spirit.png?t=1593393829403,0,0,0,0,normal,utility
Dandelion Amulet,dandelion_amulet,https://cdn.cloudflare.steamstatic.com/apps/dota2/images/dota_react/items/dandelion_amulet.png?t=1593393829403,0,0,0,0,normal,utility
Turtle Shell,turtle_shell,https://cdn.cloudflare.steamstatic.com/apps/dota2/images/dota_react/items/turtle_shell.png?t=1593393829403,0,0,0,0,normal,utility
Martyr's Plate,martyrs_plate,https://cdn.cloudflare.steamstatic.com/apps/dota2/images/dota_react/items/martyrs_plate.png?t=1593393829403,0,0,0,0,normal,utility
Gossamer Cape,gossamer_cape,https://cdn.cloudflare.steamstatic.com/apps/dota2/images/dota_react/items/gossamer_cape.png?t=1593393829403,0,0,0,0,normal,utility
Light Collector,light_collector,https://cdn.cloudflare.steamstatic.com/apps/dota2/images/dota_react/items/light_collector.png?t=1593393829403,0,0,0,0,normal,utility
Rattlecage,rattlecage,https://cdn.cloudflare.steamstatic.com/apps/dota2/images/dota_react/items/rattlecage.png?t=1593393829403,0,0,0,0,normal,utility
Doubloon,doubloon,https://cdn.cloudflare.steamstatic.com/apps/dota2/images/dota_react/items/doubloon.png?t=1593393829403,0,0,0,0,normal,utility
Roshan's Banner,roshans_banner,https://cdn.cloudflare.steamstatic.com/apps/dota2/images/dota_react/items/roshans_banner.png?t=1593393829403,0,0,0,0,consumable,utility
Black Grimoire,black_grimoire,https://cdn.cloudflare.steamstatic.com/apps/dota2/images/dota_react/items/black_grimoire.png?t=1593393829403,0,0,0,0,normal,utility
Gris-Gris,grisgris,https://cdn.cloudflare.steamstatic.com/apps/dota2/images/dota_react/items/grisgris.png?t=1593393829403,0,0,0,0,normal,utility
Vast,enhancement_vast,https://cdn.cloudflare.steamstatic.com/apps/dota2/images/dota_react/items/enhancement_vast.png?t=1593393829403,0,0,0,0,normal,utility
Quickened,enhancement_quickened,https://cdn.cloudflare.steamstatic.com/apps/dota2/images/dota_react/items/enhancement_quickened.png?t=1593393829403,0,0,0,0,normal,utility
Accursed,cursed_circlet,https://cdn.cloudflare.steamstatic.com/apps/dota2/images/dota_react/items/cursed_circlet.png?t=1593393829403,0,0,0,0,normal,utility
Restorative,ogre_heart,https://cdn.cloudflare.steamstatic.com/apps/dota2/images/dota_react/items/ogre_heart.png?t=1593393829403,0,0,0,0,normal,utility
Elusive,neutral_tabi,https://cdn.cloudflare.steamstatic.com/apps/dota2/images/dota_react/items/neutral_tabi.png?t=1593393829403,0,0,0,0,normal,utility
Audacious,enhancement_audacious,https://cdn.cloudflare.steamstatic.com/apps/dota2/images/dota_react/items/enhancement_audacious.png?t=1593393829403,0,0,0,0,normal,utility
Hellbear Totem,hellbear_totem,https://cdn.cloudflare.steamstatic.com/apps/dota2/images/dota_react/items/hellbear_totem.png?t=1593393829403,0,0,0,0,normal,utility
Mystical,enhancement_mystical,https://cdn.cloudflare.steamstatic.com/apps/dota2/images/dota_react/items/enhancement_mystical.png?t=1593393829403,0,0,0,0,normal,utility
Alert,enhancement_alert,https://cdn.cloudflare.steamstatic.com/apps/dota2/images/dota_react/items/enhancement_alert.png?t=1593393829403,0,0,0,0,normal,utility
Brawny,enhancement_brawny,https://cdn.cloudflare.steamstatic.com/apps/dota2/images/dota_react/items/enhancement_brawny.png?t=1593393829403,0,0,0,0,normal,utility
Tough,enhancement_tough,https://cdn.cloudflare.steamstatic.com/apps/dota2/images/dota_react/items/enhancement_tough.png?t=1593393829403,0,0,0,0,normal,utility
Feverish,enhancement_feverish,https://cdn.cloudflare.steamstatic.com/apps/dota2/images/dota_react/items/enhancement_feverish.png?t=1593393829403,0,0,0,0,normal,utility
Fleetfooted,enhancement_fleetfooted,https://cdn.cloudflare.steamstatic.com/apps/dota2/images/dota_react/items/enhancement_fleetfooted.png?t=1593393829403,0,0,0,0,normal,agility_carry
Crude,enhancement_crude,https://cdn.cloudflare.steamstatic.com/apps/dota2/images/dota_react/items/enhancement_crude.png?t=1593393829403,0,0,-5,0,normal,utility
Boundless,enhancement_boundless,https://cdn.cloudflare.steamstatic.com/apps/dota2/images/dota_react/items/enhancement_boundless.png?t=1593393829403,0,0,0,0,normal,utility
Wise,enhancement_wise,https://cdn.cloudflare.steamstatic.com/apps/dota2/images/dota_react/items/enhancement_wise.png?t=1593393829403,0,0,0,0,normal,utility
Timeless,enhancement_timeless,https://cdn.cloudflare.steamstatic.com/apps/dota2/images/dota_react/items/enhancement_timeless.png?t=1593393829403,0,0,0,0,normal,utility
Greedy,enhancement_greedy,https://cdn.cloudflare.steamstatic.com/apps/dota2/images/dota_react/items/enhancement_greedy.png?t=1593393829403,0,0,0,0,normal,utility
Vampiric,enhancement_vampiric,https://cdn.cloudflare.steamstatic.com/apps/dota2/images/dota_react/items/enhancement_vampiric.png?t=1593393829403,0,0,0,0,normal,utility
Keen-eyed,enhancement_keen_eyed,https://cdn.cloudflare.steamstatic.com/apps/dota2/images/dota_react/items/enhancement_keen_eyed.png?t=1593393829403,0,0,0,0,normal,utility
Evolved,enhancement_evolved,https://cdn.cloudflare.steamstatic.com/apps/dota2/images/dota_react/items/enhancement_evolved.png?t=1593393829403,0,0,0,0,normal,utility
Titanic,enhancement_titanic,https://cdn.cloudflare.steamstatic.com/apps/dota2/images/dota_react/items/enhancement_titanic.png?t=1593393829403,0,0,0,0,normal,utility
Unrelenting Eye,unrelenting_eye,https://cdn.cloudflare.steamstatic.com/apps/dota2/images/dota_react/items/unrelenting_eye.png?t=1593393829403,0,0,0,0,normal,utility
Mana Draught,mana_draught,https://cdn.cloudflare.steamstatic.com/apps/dota2/images/dota_react/items/mana_draught.png?t=1593393829403,0,0,0,0,normal,mana_int
Ripper's Lash,rippers_lash,https://cdn.cloudflare.steamstatic.com/apps/dota2/images/dota_react/items/rippers_lash.png?t=1593393829403,0,0,0,0,normal,utility
Crippling Crossbow,crippling_crossbow,https://cdn.cloudflare.steamstatic.com/apps/dota2/images/dota_react/items/crippling_crossbow.png?t=1593393829403,0,0,0,0,normal,utility
Gale Guard,gale_guard,https://cdn.cloudflare.steamstatic.com/apps/dota2/images/dota_react/items/gale_guard.png?t=1593393829403,0,0,0,0,normal,utility
Gunpowder Gauntlet,gunpowder_gauntlets,https://cdn.cloudflare.steamstatic.com/apps/dota2/images/dota_react/items/gunpowder_gauntlets.png?t=1593393829403,0,0,0,0,normal,utility
Searing Signet,searing_signet,https://cdn.cloudflare.steamstatic.com/apps/dota2/images/dota_react/items/searing_signet.png?t=1593393829403,0,0,0,0,normal,mana_int
Serrated Shiv,serrated_shiv,https://cdn.cloudflare.steamstatic.com/apps/dota2/images/dota_react/items/serrated_shiv.png?t=1593393829403,0,0,0,0,normal,utility
Pollywog Charm,polliwog_charm,https://cdn.cloudflare.steamstatic.com/apps/dota2/images/dota_react/items/polliwog_charm.png?t=1593393829403,0,0,0,0,normal,utility
Magnifying Monocle,magnifying_monocle,https://cdn.cloudflare.steamstatic.com/apps/dota2/images/dota_react/items/magnifying_monocle.png?t=1593393829403,0,0,0,0,normal,utility
Pyrrhic Cloak,pyrrhic_cloak,https://cdn.cloudflare.steamstatic.com/apps/dota2/images/dota_react/items/pyrrhic_cloak.png?t=1593393829403,0,0,0,0,normal,utility
Madstone Bundle,madstone_bundle,https://cdn.cloudflare.steamstatic.com/apps/dota2/images/dota_react/items/madstone_bundle.png?t=1593393829403,0,0,0,0,consumable,utility
Miniboss Minion Summoner,miniboss_minion_summoner,https://cdn.cloudflare.steamstatic.com/apps/dota2/images/dota_react/items/miniboss_minion_summoner.png?t=1593393829403,0,0,0,0,artifact,utility
Crystal Raindrop,crystal_raindrop,https://cdn.cloudflare.steamstatic.com/apps/dota2/images/dota_react/items/crystal_raindrop.png?t=1593393829403,0,0,0,0,normal,utility
Kobold Cup,kobold_cup,https://cdn.cloudflare.steamstatic.com/apps/dota2/images/dota_react/items/kobold_cup.png?t=1593393829403,0,0,0,0,normal,utility
Dormant Curio,dormant_curio,https://cdn.cloudflare.steamstatic.com/apps/dota2/images/dota_react/items/dormant_curio.png?t=1593393829403,0,0,0,0,normal,mana_int
Sister's Shroud,sisters_shroud,https://cdn.cloudflare.steamstatic.com/apps/dota2/images/dota_react/items/sisters_shroud.png?t=1593393829403,0,0,0,0,normal,damage
Jidi Pollen Bag,jidi_pollen_bag,https://cdn.cloudflare.steamstatic.com/apps/dota2/images/dota_react/items/jidi_pollen_bag.png?t=1593393829403,0,0,0,0,normal,survivability
Outworld Staff,outworld_staff,https://cdn.cloudflare.steamstatic.com/apps/dota2/images/dota_react/items/outworld_staff.png?t=1593393829403,0,0,0,0,normal,damage
Dezun Bloodrite,dezun_bloodrite,https://cdn.cloudflare.steamstatic.com/apps/dota2/images/dota_react/items/dezun_bloodrite.png?t=1593393829403,0,0,0,0,normal,utility
Giant's Maul,giant_maul,https://cdn.cloudflare.steamstatic.com/apps/dota2/images/dota_react/items/giant_maul.png?t=1593393829403,0,0,0,0,normal,utility
Divine Regalia,divine_regalia,https://cdn.cloudflare.steamstatic.com/apps/dota2/images/dota_react/items/divine_regalia.png?t=1593393829403,0,0,0,0,normal,utility
Disgraced Regalia,divine_regalia_broken,https://cdn.cloudflare.steamstatic.com/apps/dota2/images/dota_react/items/divine_regalia_broken.png?t=1593393829403,0,0,0,0,normal,utility
Circlet of the Flayed Twins,circlet_of_the_flayed_twins,https://cdn.cloudflare.steamstatic.com/apps/dota2/images/dota_react/items/circlet_of_the_flayed_twins.png?t=1593393829403,0,0,0,0,normal,utility
Fierce,enhancement_fierce,https://cdn.cloudflare.steamstatic.com/apps/dota2/images/dota_react/items/enhancement_fierce.png?t=1593393829403,0,0,0,0,normal,utility
Dominant,enhancement_dominant,https://cdn.cloudflare.steamstatic.com/apps/dota2/images/dota_react/items/enhancement_dominant.png?t=1593393829403,0,0,0,0,normal,utility
Restorative,enhancement_restorative,https://cdn.cloudflare.steamstatic.com/apps/dota2/images/dota_react/items/enhancement_restorative.png?t=1593393829403,0,0,0,0,normal,utility
Thick,enhancement_thick,https://cdn.cloudflare.steamstatic.com/apps/dota2/images/dota_react/items/enhancement_thick.png?t=1593393829403,0,0,0,0,normal,utility
Unleashed,enhancement_curious,https://cdn.cloudflare.steamstatic.com/apps/dota2/images/dota_react/items/enhancement_curious.png?t=1593393829403,0,0,0,0,normal,utility
Bag of Gold,furion_gold_bag,https://cdn.cloudflare.steamstatic.com/apps/dota2/images/dota_react/items/furion_gold_bag.png?t=1593393829403,0,0,0,0,normal,utility
Recipe Specialists Array,recipe_specialists_array,https://cdn.cloudflare.steamstatic.com/apps/dota2/images/dota_react/items/recipe.png?t=1593393829403,0,0,0,650,normal,utility
Specialist's Array,specialists_array,https://cdn.cloudflare.steamstatic.com/apps/dota2/images/dota_react/items/specialists_array.png?t=1593393829403,0,10,0,2650,rare,utility
Weighted Dice,weighted_dice,https://cdn.cloudflare.steamstatic.com/apps/dota2/images/dota_react/items/weighted_dice.png?t=1593393829403,0,0,0,0,normal,utility
Ash Legion Shield,ash_legion_shield,https://cdn.cloudflare.steamstatic.com/apps/dota2/images/dota_react/items/ash_legion_shield.png?t=1593393829403,0,0,0,0,normal,utility
Riftshadow Prism,riftshadow_prism,https://cdn.cloudflare.steamstatic.com/apps/dota2/images/dota_react/items/riftshadow_prism.png?t=1593393829403,0,0,0,0,normal,stealth
Metamorphic Mandible,metamorphic_mandible,https://cdn.cloudflare.steamstatic.com/apps/dota2/images/dota_react/items/metamorphic_mandible.png?t=1593393829403,0,0,0,0,normal,utility
Idol of Scree'Auk,idol_of_screeauk,https://cdn.cloudflare.steamstatic.com/apps/dota2/images/dota_react/items/idol_of_screeauk.png?t=1593393829403,0,0,0,0,normal,utility
Flayer's Bota,flayers_bota,https://cdn.cloudflare.steamstatic.com/apps/dota2/images/dota_react/items/flayers_bota.png?t=1593393829403,0,0,0,0,normal,utility
Diffusal Blade,diffusal_blade_2,https://cdn.cloudflare.steamstatic.com/apps/dota2/images/dota_react/items/diffusal_blade_2.png?3,0,25 / 35,0,3850,artifact,mana_int
